token	goto456_general	hit	baidu	scu	source_count	scope_v1_included	category	note
""""	0	1	0	0	1	0	reference	自动生成；SCOPE v1 保留/纳入需方法审查
#	0	1	0	0	1	0	reference	自动生成；SCOPE v1 保留/纳入需方法审查
$	1	0	0	0	1	0	reference	自动生成；SCOPE v1 保留/纳入需方法审查
&	0	1	0	0	1	0	reference	自动生成；SCOPE v1 保留/纳入需方法审查
'	0	1	0	0	1	0	reference	自动生成；SCOPE v1 保留/纳入需方法审查
(	0	1	0	0	1	0	reference	自动生成；SCOPE v1 保留/纳入需方法审查
)	0	1	0	0	1	0	reference	自动生成；SCOPE v1 保留/纳入需方法审查
*	0	1	0	0	1	0	reference	自动生成；SCOPE v1 保留/纳入需方法审查
+	0	1	0	0	1	0	reference	自动生成；SCOPE v1 保留/纳入需方法审查
,	0	1	0	0	1	0	reference	自动生成；SCOPE v1 保留/纳入需方法审查
-	0	1	0	0	1	0	reference	自动生成；SCOPE v1 保留/纳入需方法审查
--	0	1	1	0	2	0	reference	自动生成；SCOPE v1 保留/纳入需方法审查
.	0	1	0	0	1	0	reference	自动生成；SCOPE v1 保留/纳入需方法审查
...	0	1	0	0	1	0	reference	自动生成；SCOPE v1 保留/纳入需方法审查
......	0	1	0	0	1	0	reference	自动生成；SCOPE v1 保留/纳入需方法审查
...................	0	1	0	0	1	0	reference	自动生成；SCOPE v1 保留/纳入需方法审查
./	0	1	0	0	1	0	reference	自动生成；SCOPE v1 保留/纳入需方法审查
.一	0	1	0	0	1	0	reference	自动生成；SCOPE v1 保留/纳入需方法审查
.数	0	1	0	0	1	0	reference	自动生成；SCOPE v1 保留/纳入需方法审查
.日	0	1	0	0	1	0	reference	自动生成；SCOPE v1 保留/纳入需方法审查
/	0	1	0	0	1	0	reference	自动生成；SCOPE v1 保留/纳入需方法审查
//	0	1	0	0	1	0	reference	自动生成；SCOPE v1 保留/纳入需方法审查
0	1	0	0	0	1	0	reference	自动生成；SCOPE v1 保留/纳入需方法审查
1	1	0	0	0	1	0	reference	自动生成；SCOPE v1 保留/纳入需方法审查
2	1	0	0	0	1	0	reference	自动生成；SCOPE v1 保留/纳入需方法审查
3	1	0	0	0	1	0	reference	自动生成；SCOPE v1 保留/纳入需方法审查
4	1	0	0	0	1	0	reference	自动生成；SCOPE v1 保留/纳入需方法审查
5	1	0	0	0	1	0	reference	自动生成；SCOPE v1 保留/纳入需方法审查
6	1	0	0	0	1	0	reference	自动生成；SCOPE v1 保留/纳入需方法审查
7	1	0	0	0	1	0	reference	自动生成；SCOPE v1 保留/纳入需方法审查
8	1	0	0	0	1	0	reference	自动生成；SCOPE v1 保留/纳入需方法审查
9	1	0	0	0	1	0	reference	自动生成；SCOPE v1 保留/纳入需方法审查
:	0	1	0	0	1	0	reference	自动生成；SCOPE v1 保留/纳入需方法审查
://	0	1	0	0	1	0	reference	自动生成；SCOPE v1 保留/纳入需方法审查
::	0	1	0	0	1	0	reference	自动生成；SCOPE v1 保留/纳入需方法审查
;	0	1	0	0	1	0	reference	自动生成；SCOPE v1 保留/纳入需方法审查
<	0	1	0	0	1	0	reference	自动生成；SCOPE v1 保留/纳入需方法审查
=	0	1	0	0	1	0	reference	自动生成；SCOPE v1 保留/纳入需方法审查
>	0	1	0	0	1	0	reference	自动生成；SCOPE v1 保留/纳入需方法审查
?	1	1	1	0	3	0	reference	自动生成；SCOPE v1 保留/纳入需方法审查
@	0	1	0	0	1	0	reference	自动生成；SCOPE v1 保留/纳入需方法审查
Lex	0	1	0	0	1	0	reference	自动生成；SCOPE v1 保留/纳入需方法审查
ZT	0	0	1	0	1	0	reference	自动生成；SCOPE v1 保留/纳入需方法审查
ZZ	0	0	1	0	1	0	reference	自动生成；SCOPE v1 保留/纳入需方法审查
[	0	1	0	0	1	0	reference	自动生成；SCOPE v1 保留/纳入需方法审查
]	0	1	0	0	1	0	reference	自动生成；SCOPE v1 保留/纳入需方法审查
_	1	0	0	0	1	0	reference	自动生成；SCOPE v1 保留/纳入需方法审查
a's	0	0	1	0	1	0	reference	自动生成；SCOPE v1 保留/纳入需方法审查
able	0	0	1	0	1	0	reference	自动生成；SCOPE v1 保留/纳入需方法审查
about	0	0	1	0	1	0	reference	自动生成；SCOPE v1 保留/纳入需方法审查
above	0	0	1	0	1	0	reference	自动生成；SCOPE v1 保留/纳入需方法审查
according	0	0	1	0	1	0	reference	自动生成；SCOPE v1 保留/纳入需方法审查
accordingly	0	0	1	0	1	0	reference	自动生成；SCOPE v1 保留/纳入需方法审查
across	0	0	1	0	1	0	reference	自动生成；SCOPE v1 保留/纳入需方法审查
actually	0	0	1	0	1	0	reference	自动生成；SCOPE v1 保留/纳入需方法审查
after	0	0	1	0	1	0	reference	自动生成；SCOPE v1 保留/纳入需方法审查
afterwards	0	0	1	0	1	0	reference	自动生成；SCOPE v1 保留/纳入需方法审查
again	0	0	1	0	1	0	reference	自动生成；SCOPE v1 保留/纳入需方法审查
against	0	0	1	0	1	0	reference	自动生成；SCOPE v1 保留/纳入需方法审查
ain't	0	0	1	0	1	0	reference	自动生成；SCOPE v1 保留/纳入需方法审查
all	0	0	1	0	1	0	reference	自动生成；SCOPE v1 保留/纳入需方法审查
allow	0	0	1	0	1	0	reference	自动生成；SCOPE v1 保留/纳入需方法审查
allows	0	0	1	0	1	0	reference	自动生成；SCOPE v1 保留/纳入需方法审查
almost	0	0	1	0	1	0	reference	自动生成；SCOPE v1 保留/纳入需方法审查
alone	0	0	1	0	1	0	reference	自动生成；SCOPE v1 保留/纳入需方法审查
along	0	0	1	0	1	0	reference	自动生成；SCOPE v1 保留/纳入需方法审查
already	0	0	1	0	1	0	reference	自动生成；SCOPE v1 保留/纳入需方法审查
also	0	0	1	0	1	0	reference	自动生成；SCOPE v1 保留/纳入需方法审查
although	0	0	1	0	1	0	reference	自动生成；SCOPE v1 保留/纳入需方法审查
always	0	0	1	0	1	0	reference	自动生成；SCOPE v1 保留/纳入需方法审查
am	0	0	1	0	1	0	reference	自动生成；SCOPE v1 保留/纳入需方法审查
among	0	0	1	0	1	0	reference	自动生成；SCOPE v1 保留/纳入需方法审查
amongst	0	0	1	0	1	0	reference	自动生成；SCOPE v1 保留/纳入需方法审查
an	0	0	1	0	1	0	reference	自动生成；SCOPE v1 保留/纳入需方法审查
and	0	0	1	0	1	0	reference	自动生成；SCOPE v1 保留/纳入需方法审查
another	0	0	1	0	1	0	reference	自动生成；SCOPE v1 保留/纳入需方法审查
any	0	0	1	0	1	0	reference	自动生成；SCOPE v1 保留/纳入需方法审查
anybody	0	0	1	0	1	0	reference	自动生成；SCOPE v1 保留/纳入需方法审查
anyhow	0	0	1	0	1	0	reference	自动生成；SCOPE v1 保留/纳入需方法审查
anyone	0	0	1	0	1	0	reference	自动生成；SCOPE v1 保留/纳入需方法审查
anything	0	0	1	0	1	0	reference	自动生成；SCOPE v1 保留/纳入需方法审查
anyway	0	0	1	0	1	0	reference	自动生成；SCOPE v1 保留/纳入需方法审查
anyways	0	0	1	0	1	0	reference	自动生成；SCOPE v1 保留/纳入需方法审查
anywhere	0	0	1	0	1	0	reference	自动生成；SCOPE v1 保留/纳入需方法审查
apart	0	0	1	0	1	0	reference	自动生成；SCOPE v1 保留/纳入需方法审查
appear	0	0	1	0	1	0	reference	自动生成；SCOPE v1 保留/纳入需方法审查
appreciate	0	0	1	0	1	0	reference	自动生成；SCOPE v1 保留/纳入需方法审查
appropriate	0	0	1	0	1	0	reference	自动生成；SCOPE v1 保留/纳入需方法审查
are	0	0	1	0	1	0	reference	自动生成；SCOPE v1 保留/纳入需方法审查
aren't	0	0	1	0	1	0	reference	自动生成；SCOPE v1 保留/纳入需方法审查
around	0	0	1	0	1	0	reference	自动生成；SCOPE v1 保留/纳入需方法审查
as	0	0	1	0	1	0	reference	自动生成；SCOPE v1 保留/纳入需方法审查
aside	0	0	1	0	1	0	reference	自动生成；SCOPE v1 保留/纳入需方法审查
ask	0	0	1	0	1	0	reference	自动生成；SCOPE v1 保留/纳入需方法审查
asking	0	0	1	0	1	0	reference	自动生成；SCOPE v1 保留/纳入需方法审查
associated	0	0	1	0	1	0	reference	自动生成；SCOPE v1 保留/纳入需方法审查
at	0	0	1	0	1	0	reference	自动生成；SCOPE v1 保留/纳入需方法审查
available	0	0	1	0	1	0	reference	自动生成；SCOPE v1 保留/纳入需方法审查
away	0	0	1	0	1	0	reference	自动生成；SCOPE v1 保留/纳入需方法审查
awfully	0	0	1	0	1	0	reference	自动生成；SCOPE v1 保留/纳入需方法审查
be	0	0	1	0	1	0	reference	自动生成；SCOPE v1 保留/纳入需方法审查
became	0	0	1	0	1	0	reference	自动生成；SCOPE v1 保留/纳入需方法审查
because	0	0	1	0	1	0	reference	自动生成；SCOPE v1 保留/纳入需方法审查
become	0	0	1	0	1	0	reference	自动生成；SCOPE v1 保留/纳入需方法审查
becomes	0	0	1	0	1	0	reference	自动生成；SCOPE v1 保留/纳入需方法审查
becoming	0	0	1	0	1	0	reference	自动生成；SCOPE v1 保留/纳入需方法审查
been	0	0	1	0	1	0	reference	自动生成；SCOPE v1 保留/纳入需方法审查
before	0	0	1	0	1	0	reference	自动生成；SCOPE v1 保留/纳入需方法审查
beforehand	0	0	1	0	1	0	reference	自动生成；SCOPE v1 保留/纳入需方法审查
behind	0	0	1	0	1	0	reference	自动生成；SCOPE v1 保留/纳入需方法审查
being	0	0	1	0	1	0	reference	自动生成；SCOPE v1 保留/纳入需方法审查
believe	0	0	1	0	1	0	reference	自动生成；SCOPE v1 保留/纳入需方法审查
below	0	0	1	0	1	0	reference	自动生成；SCOPE v1 保留/纳入需方法审查
beside	0	0	1	0	1	0	reference	自动生成；SCOPE v1 保留/纳入需方法审查
besides	0	0	1	0	1	0	reference	自动生成；SCOPE v1 保留/纳入需方法审查
best	0	0	1	0	1	0	reference	自动生成；SCOPE v1 保留/纳入需方法审查
better	0	0	1	0	1	0	reference	自动生成；SCOPE v1 保留/纳入需方法审查
between	0	0	1	0	1	0	reference	自动生成；SCOPE v1 保留/纳入需方法审查
beyond	0	0	1	0	1	0	reference	自动生成；SCOPE v1 保留/纳入需方法审查
both	0	0	1	0	1	0	reference	自动生成；SCOPE v1 保留/纳入需方法审查
brief	0	0	1	0	1	0	reference	自动生成；SCOPE v1 保留/纳入需方法审查
but	0	0	1	0	1	0	reference	自动生成；SCOPE v1 保留/纳入需方法审查
by	0	0	1	0	1	0	reference	自动生成；SCOPE v1 保留/纳入需方法审查
c'mon	0	0	1	0	1	0	reference	自动生成；SCOPE v1 保留/纳入需方法审查
c's	0	0	1	0	1	0	reference	自动生成；SCOPE v1 保留/纳入需方法审查
came	0	0	1	0	1	0	reference	自动生成；SCOPE v1 保留/纳入需方法审查
can	0	0	1	0	1	0	reference	自动生成；SCOPE v1 保留/纳入需方法审查
can't	0	0	1	0	1	0	reference	自动生成；SCOPE v1 保留/纳入需方法审查
cannot	0	0	1	0	1	0	reference	自动生成；SCOPE v1 保留/纳入需方法审查
cant	0	0	1	0	1	0	reference	自动生成；SCOPE v1 保留/纳入需方法审查
cause	0	0	1	0	1	0	reference	自动生成；SCOPE v1 保留/纳入需方法审查
causes	0	0	1	0	1	0	reference	自动生成；SCOPE v1 保留/纳入需方法审查
certain	0	0	1	0	1	0	reference	自动生成；SCOPE v1 保留/纳入需方法审查
certainly	0	0	1	0	1	0	reference	自动生成；SCOPE v1 保留/纳入需方法审查
changes	0	0	1	0	1	0	reference	自动生成；SCOPE v1 保留/纳入需方法审查
clearly	0	0	1	0	1	0	reference	自动生成；SCOPE v1 保留/纳入需方法审查
co	0	0	1	0	1	0	reference	自动生成；SCOPE v1 保留/纳入需方法审查
com	0	0	1	0	1	0	reference	自动生成；SCOPE v1 保留/纳入需方法审查
come	0	0	1	0	1	0	reference	自动生成；SCOPE v1 保留/纳入需方法审查
comes	0	0	1	0	1	0	reference	自动生成；SCOPE v1 保留/纳入需方法审查
concerning	0	0	1	0	1	0	reference	自动生成；SCOPE v1 保留/纳入需方法审查
consequently	0	0	1	0	1	0	reference	自动生成；SCOPE v1 保留/纳入需方法审查
consider	0	0	1	0	1	0	reference	自动生成；SCOPE v1 保留/纳入需方法审查
considering	0	0	1	0	1	0	reference	自动生成；SCOPE v1 保留/纳入需方法审查
contain	0	0	1	0	1	0	reference	自动生成；SCOPE v1 保留/纳入需方法审查
containing	0	0	1	0	1	0	reference	自动生成；SCOPE v1 保留/纳入需方法审查
contains	0	0	1	0	1	0	reference	自动生成；SCOPE v1 保留/纳入需方法审查
corresponding	0	0	1	0	1	0	reference	自动生成；SCOPE v1 保留/纳入需方法审查
could	0	0	1	0	1	0	reference	自动生成；SCOPE v1 保留/纳入需方法审查
couldn't	0	0	1	0	1	0	reference	自动生成；SCOPE v1 保留/纳入需方法审查
course	0	0	1	0	1	0	reference	自动生成；SCOPE v1 保留/纳入需方法审查
currently	0	0	1	0	1	0	reference	自动生成；SCOPE v1 保留/纳入需方法审查
definitely	0	0	1	0	1	0	reference	自动生成；SCOPE v1 保留/纳入需方法审查
described	0	0	1	0	1	0	reference	自动生成；SCOPE v1 保留/纳入需方法审查
despite	0	0	1	0	1	0	reference	自动生成；SCOPE v1 保留/纳入需方法审查
did	0	0	1	0	1	0	reference	自动生成；SCOPE v1 保留/纳入需方法审查
didn't	0	0	1	0	1	0	reference	自动生成；SCOPE v1 保留/纳入需方法审查
different	0	0	1	0	1	0	reference	自动生成；SCOPE v1 保留/纳入需方法审查
do	0	0	1	0	1	0	reference	自动生成；SCOPE v1 保留/纳入需方法审查
does	0	0	1	0	1	0	reference	自动生成；SCOPE v1 保留/纳入需方法审查
doesn't	0	0	1	0	1	0	reference	自动生成；SCOPE v1 保留/纳入需方法审查
doing	0	0	1	0	1	0	reference	自动生成；SCOPE v1 保留/纳入需方法审查
don't	0	0	1	0	1	0	reference	自动生成；SCOPE v1 保留/纳入需方法审查
done	0	0	1	0	1	0	reference	自动生成；SCOPE v1 保留/纳入需方法审查
down	0	0	1	0	1	0	reference	自动生成；SCOPE v1 保留/纳入需方法审查
downwards	0	0	1	0	1	0	reference	自动生成；SCOPE v1 保留/纳入需方法审查
during	0	0	1	0	1	0	reference	自动生成；SCOPE v1 保留/纳入需方法审查
each	0	0	1	0	1	0	reference	自动生成；SCOPE v1 保留/纳入需方法审查
edu	0	0	1	0	1	0	reference	自动生成；SCOPE v1 保留/纳入需方法审查
eg	0	0	1	0	1	0	reference	自动生成；SCOPE v1 保留/纳入需方法审查
eight	0	0	1	0	1	0	reference	自动生成；SCOPE v1 保留/纳入需方法审查
either	0	0	1	0	1	0	reference	自动生成；SCOPE v1 保留/纳入需方法审查
else	0	0	1	0	1	0	reference	自动生成；SCOPE v1 保留/纳入需方法审查
elsewhere	0	0	1	0	1	0	reference	自动生成；SCOPE v1 保留/纳入需方法审查
enough	0	0	1	0	1	0	reference	自动生成；SCOPE v1 保留/纳入需方法审查
entirely	0	0	1	0	1	0	reference	自动生成；SCOPE v1 保留/纳入需方法审查
especially	0	0	1	0	1	0	reference	自动生成；SCOPE v1 保留/纳入需方法审查
et	0	0	1	0	1	0	reference	自动生成；SCOPE v1 保留/纳入需方法审查
etc	0	0	1	0	1	0	reference	自动生成；SCOPE v1 保留/纳入需方法审查
even	0	0	1	0	1	0	reference	自动生成；SCOPE v1 保留/纳入需方法审查
ever	0	0	1	0	1	0	reference	自动生成；SCOPE v1 保留/纳入需方法审查
every	0	0	1	0	1	0	reference	自动生成；SCOPE v1 保留/纳入需方法审查
everybody	0	0	1	0	1	0	reference	自动生成；SCOPE v1 保留/纳入需方法审查
everyone	0	0	1	0	1	0	reference	自动生成；SCOPE v1 保留/纳入需方法审查
everything	0	0	1	0	1	0	reference	自动生成；SCOPE v1 保留/纳入需方法审查
everywhere	0	0	1	0	1	0	reference	自动生成；SCOPE v1 保留/纳入需方法审查
ex	0	0	1	0	1	0	reference	自动生成；SCOPE v1 保留/纳入需方法审查
exactly	0	0	1	0	1	0	reference	自动生成；SCOPE v1 保留/纳入需方法审查
example	0	0	1	0	1	0	reference	自动生成；SCOPE v1 保留/纳入需方法审查
except	0	0	1	0	1	0	reference	自动生成；SCOPE v1 保留/纳入需方法审查
exp	0	1	0	0	1	0	reference	自动生成；SCOPE v1 保留/纳入需方法审查
far	0	0	1	0	1	0	reference	自动生成；SCOPE v1 保留/纳入需方法审查
few	0	0	1	0	1	0	reference	自动生成；SCOPE v1 保留/纳入需方法审查
fifth	0	0	1	0	1	0	reference	自动生成；SCOPE v1 保留/纳入需方法审查
first	0	0	1	0	1	0	reference	自动生成；SCOPE v1 保留/纳入需方法审查
five	0	0	1	0	1	0	reference	自动生成；SCOPE v1 保留/纳入需方法审查
followed	0	0	1	0	1	0	reference	自动生成；SCOPE v1 保留/纳入需方法审查
following	0	0	1	0	1	0	reference	自动生成；SCOPE v1 保留/纳入需方法审查
follows	0	0	1	0	1	0	reference	自动生成；SCOPE v1 保留/纳入需方法审查
for	0	0	1	0	1	0	reference	自动生成；SCOPE v1 保留/纳入需方法审查
former	0	0	1	0	1	0	reference	自动生成；SCOPE v1 保留/纳入需方法审查
formerly	0	0	1	0	1	0	reference	自动生成；SCOPE v1 保留/纳入需方法审查
forth	0	0	1	0	1	0	reference	自动生成；SCOPE v1 保留/纳入需方法审查
four	0	0	1	0	1	0	reference	自动生成；SCOPE v1 保留/纳入需方法审查
from	0	0	1	0	1	0	reference	自动生成；SCOPE v1 保留/纳入需方法审查
further	0	0	1	0	1	0	reference	自动生成；SCOPE v1 保留/纳入需方法审查
furthermore	0	0	1	0	1	0	reference	自动生成；SCOPE v1 保留/纳入需方法审查
get	0	0	1	0	1	0	reference	自动生成；SCOPE v1 保留/纳入需方法审查
gets	0	0	1	0	1	0	reference	自动生成；SCOPE v1 保留/纳入需方法审查
getting	0	0	1	0	1	0	reference	自动生成；SCOPE v1 保留/纳入需方法审查
given	0	0	1	0	1	0	reference	自动生成；SCOPE v1 保留/纳入需方法审查
gives	0	0	1	0	1	0	reference	自动生成；SCOPE v1 保留/纳入需方法审查
go	0	0	1	0	1	0	reference	自动生成；SCOPE v1 保留/纳入需方法审查
goes	0	0	1	0	1	0	reference	自动生成；SCOPE v1 保留/纳入需方法审查
going	0	0	1	0	1	0	reference	自动生成；SCOPE v1 保留/纳入需方法审查
gone	0	0	1	0	1	0	reference	自动生成；SCOPE v1 保留/纳入需方法审查
got	0	0	1	0	1	0	reference	自动生成；SCOPE v1 保留/纳入需方法审查
gotten	0	0	1	0	1	0	reference	自动生成；SCOPE v1 保留/纳入需方法审查
greetings	0	0	1	0	1	0	reference	自动生成；SCOPE v1 保留/纳入需方法审查
had	0	0	1	0	1	0	reference	自动生成；SCOPE v1 保留/纳入需方法审查
hadn't	0	0	1	0	1	0	reference	自动生成；SCOPE v1 保留/纳入需方法审查
happens	0	0	1	0	1	0	reference	自动生成；SCOPE v1 保留/纳入需方法审查
hardly	0	0	1	0	1	0	reference	自动生成；SCOPE v1 保留/纳入需方法审查
has	0	0	1	0	1	0	reference	自动生成；SCOPE v1 保留/纳入需方法审查
hasn't	0	0	1	0	1	0	reference	自动生成；SCOPE v1 保留/纳入需方法审查
have	0	0	1	0	1	0	reference	自动生成；SCOPE v1 保留/纳入需方法审查
haven't	0	0	1	0	1	0	reference	自动生成；SCOPE v1 保留/纳入需方法审查
having	0	0	1	0	1	0	reference	自动生成；SCOPE v1 保留/纳入需方法审查
he	0	0	1	0	1	0	reference	自动生成；SCOPE v1 保留/纳入需方法审查
he's	0	0	1	0	1	0	reference	自动生成；SCOPE v1 保留/纳入需方法审查
hello	0	0	1	0	1	0	reference	自动生成；SCOPE v1 保留/纳入需方法审查
help	0	0	1	0	1	0	reference	自动生成；SCOPE v1 保留/纳入需方法审查
hence	0	0	1	0	1	0	reference	自动生成；SCOPE v1 保留/纳入需方法审查
her	0	0	1	0	1	0	reference	自动生成；SCOPE v1 保留/纳入需方法审查
here	0	0	1	0	1	0	reference	自动生成；SCOPE v1 保留/纳入需方法审查
here's	0	0	1	0	1	0	reference	自动生成；SCOPE v1 保留/纳入需方法审查
hereafter	0	0	1	0	1	0	reference	自动生成；SCOPE v1 保留/纳入需方法审查
hereby	0	0	1	0	1	0	reference	自动生成；SCOPE v1 保留/纳入需方法审查
herein	0	0	1	0	1	0	reference	自动生成；SCOPE v1 保留/纳入需方法审查
hereupon	0	0	1	0	1	0	reference	自动生成；SCOPE v1 保留/纳入需方法审查
hers	0	0	1	0	1	0	reference	自动生成；SCOPE v1 保留/纳入需方法审查
herself	0	0	1	0	1	0	reference	自动生成；SCOPE v1 保留/纳入需方法审查
hi	0	0	1	0	1	0	reference	自动生成；SCOPE v1 保留/纳入需方法审查
him	0	0	1	0	1	0	reference	自动生成；SCOPE v1 保留/纳入需方法审查
himself	0	0	1	0	1	0	reference	自动生成；SCOPE v1 保留/纳入需方法审查
his	0	0	1	0	1	0	reference	自动生成；SCOPE v1 保留/纳入需方法审查
hither	0	0	1	0	1	0	reference	自动生成；SCOPE v1 保留/纳入需方法审查
hopefully	0	0	1	0	1	0	reference	自动生成；SCOPE v1 保留/纳入需方法审查
how	0	0	1	0	1	0	reference	自动生成；SCOPE v1 保留/纳入需方法审查
howbeit	0	0	1	0	1	0	reference	自动生成；SCOPE v1 保留/纳入需方法审查
however	0	0	1	0	1	0	reference	自动生成；SCOPE v1 保留/纳入需方法审查
i'd	0	0	1	0	1	0	reference	自动生成；SCOPE v1 保留/纳入需方法审查
i'll	0	0	1	0	1	0	reference	自动生成；SCOPE v1 保留/纳入需方法审查
i'm	0	0	1	0	1	0	reference	自动生成；SCOPE v1 保留/纳入需方法审查
i've	0	0	1	0	1	0	reference	自动生成；SCOPE v1 保留/纳入需方法审查
ie	0	0	1	0	1	0	reference	自动生成；SCOPE v1 保留/纳入需方法审查
if	0	0	1	0	1	0	reference	自动生成；SCOPE v1 保留/纳入需方法审查
ignored	0	0	1	0	1	0	reference	自动生成；SCOPE v1 保留/纳入需方法审查
immediate	0	0	1	0	1	0	reference	自动生成；SCOPE v1 保留/纳入需方法审查
in	0	0	1	0	1	0	reference	自动生成；SCOPE v1 保留/纳入需方法审查
inasmuch	0	0	1	0	1	0	reference	自动生成；SCOPE v1 保留/纳入需方法审查
inc	0	0	1	0	1	0	reference	自动生成；SCOPE v1 保留/纳入需方法审查
indeed	0	0	1	0	1	0	reference	自动生成；SCOPE v1 保留/纳入需方法审查
indicate	0	0	1	0	1	0	reference	自动生成；SCOPE v1 保留/纳入需方法审查
indicated	0	0	1	0	1	0	reference	自动生成；SCOPE v1 保留/纳入需方法审查
indicates	0	0	1	0	1	0	reference	自动生成；SCOPE v1 保留/纳入需方法审查
inner	0	0	1	0	1	0	reference	自动生成；SCOPE v1 保留/纳入需方法审查
insofar	0	0	1	0	1	0	reference	自动生成；SCOPE v1 保留/纳入需方法审查
instead	0	0	1	0	1	0	reference	自动生成；SCOPE v1 保留/纳入需方法审查
into	0	0	1	0	1	0	reference	自动生成；SCOPE v1 保留/纳入需方法审查
inward	0	0	1	0	1	0	reference	自动生成；SCOPE v1 保留/纳入需方法审查
is	0	0	1	0	1	0	reference	自动生成；SCOPE v1 保留/纳入需方法审查
isn't	0	0	1	0	1	0	reference	自动生成；SCOPE v1 保留/纳入需方法审查
it	0	0	1	0	1	0	reference	自动生成；SCOPE v1 保留/纳入需方法审查
it'd	0	0	1	0	1	0	reference	自动生成；SCOPE v1 保留/纳入需方法审查
it'll	0	0	1	0	1	0	reference	自动生成；SCOPE v1 保留/纳入需方法审查
it's	0	0	1	0	1	0	reference	自动生成；SCOPE v1 保留/纳入需方法审查
its	0	0	1	0	1	0	reference	自动生成；SCOPE v1 保留/纳入需方法审查
itself	0	0	1	0	1	0	reference	自动生成；SCOPE v1 保留/纳入需方法审查
just	0	0	1	0	1	0	reference	自动生成；SCOPE v1 保留/纳入需方法审查
keep	0	0	1	0	1	0	reference	自动生成；SCOPE v1 保留/纳入需方法审查
keeps	0	0	1	0	1	0	reference	自动生成；SCOPE v1 保留/纳入需方法审查
kept	0	0	1	0	1	0	reference	自动生成；SCOPE v1 保留/纳入需方法审查
know	0	0	1	0	1	0	reference	自动生成；SCOPE v1 保留/纳入需方法审查
known	0	0	1	0	1	0	reference	自动生成；SCOPE v1 保留/纳入需方法审查
knows	0	0	1	0	1	0	reference	自动生成；SCOPE v1 保留/纳入需方法审查
last	0	0	1	0	1	0	reference	自动生成；SCOPE v1 保留/纳入需方法审查
lately	0	0	1	0	1	0	reference	自动生成；SCOPE v1 保留/纳入需方法审查
later	0	0	1	0	1	0	reference	自动生成；SCOPE v1 保留/纳入需方法审查
latter	0	0	1	0	1	0	reference	自动生成；SCOPE v1 保留/纳入需方法审查
latterly	0	0	1	0	1	0	reference	自动生成；SCOPE v1 保留/纳入需方法审查
least	0	0	1	0	1	0	reference	自动生成；SCOPE v1 保留/纳入需方法审查
less	0	0	1	0	1	0	reference	自动生成；SCOPE v1 保留/纳入需方法审查
lest	0	0	1	0	1	0	reference	自动生成；SCOPE v1 保留/纳入需方法审查
let	0	0	1	0	1	0	reference	自动生成；SCOPE v1 保留/纳入需方法审查
let's	0	0	1	0	1	0	reference	自动生成；SCOPE v1 保留/纳入需方法审查
like	0	0	1	0	1	0	reference	自动生成；SCOPE v1 保留/纳入需方法审查
liked	0	0	1	0	1	0	reference	自动生成；SCOPE v1 保留/纳入需方法审查
likely	0	0	1	0	1	0	reference	自动生成；SCOPE v1 保留/纳入需方法审查
little	0	0	1	0	1	0	reference	自动生成；SCOPE v1 保留/纳入需方法审查
look	0	0	1	0	1	0	reference	自动生成；SCOPE v1 保留/纳入需方法审查
looking	0	0	1	0	1	0	reference	自动生成；SCOPE v1 保留/纳入需方法审查
looks	0	0	1	0	1	0	reference	自动生成；SCOPE v1 保留/纳入需方法审查
ltd	0	0	1	0	1	0	reference	自动生成；SCOPE v1 保留/纳入需方法审查
mainly	0	0	1	0	1	0	reference	自动生成；SCOPE v1 保留/纳入需方法审查
many	0	0	1	0	1	0	reference	自动生成；SCOPE v1 保留/纳入需方法审查
may	0	0	1	0	1	0	reference	自动生成；SCOPE v1 保留/纳入需方法审查
maybe	0	0	1	0	1	0	reference	自动生成；SCOPE v1 保留/纳入需方法审查
me	0	0	1	0	1	0	reference	自动生成；SCOPE v1 保留/纳入需方法审查
mean	0	0	1	0	1	0	reference	自动生成；SCOPE v1 保留/纳入需方法审查
meanwhile	0	0	1	0	1	0	reference	自动生成；SCOPE v1 保留/纳入需方法审查
merely	0	0	1	0	1	0	reference	自动生成；SCOPE v1 保留/纳入需方法审查
might	0	0	1	0	1	0	reference	自动生成；SCOPE v1 保留/纳入需方法审查
more	0	0	1	0	1	0	reference	自动生成；SCOPE v1 保留/纳入需方法审查
moreover	0	0	1	0	1	0	reference	自动生成；SCOPE v1 保留/纳入需方法审查
most	0	0	1	0	1	0	reference	自动生成；SCOPE v1 保留/纳入需方法审查
mostly	0	0	1	0	1	0	reference	自动生成；SCOPE v1 保留/纳入需方法审查
much	0	0	1	0	1	0	reference	自动生成；SCOPE v1 保留/纳入需方法审查
must	0	0	1	0	1	0	reference	自动生成；SCOPE v1 保留/纳入需方法审查
my	0	0	1	0	1	0	reference	自动生成；SCOPE v1 保留/纳入需方法审查
myself	0	0	1	0	1	0	reference	自动生成；SCOPE v1 保留/纳入需方法审查
name	0	0	1	0	1	0	reference	自动生成；SCOPE v1 保留/纳入需方法审查
namely	0	0	1	0	1	0	reference	自动生成；SCOPE v1 保留/纳入需方法审查
nd	0	0	1	0	1	0	reference	自动生成；SCOPE v1 保留/纳入需方法审查
near	0	0	1	0	1	0	reference	自动生成；SCOPE v1 保留/纳入需方法审查
nearly	0	0	1	0	1	0	reference	自动生成；SCOPE v1 保留/纳入需方法审查
necessary	0	0	1	0	1	0	reference	自动生成；SCOPE v1 保留/纳入需方法审查
need	0	0	1	0	1	0	reference	自动生成；SCOPE v1 保留/纳入需方法审查
needs	0	0	1	0	1	0	reference	自动生成；SCOPE v1 保留/纳入需方法审查
neither	0	0	1	0	1	0	reference	自动生成；SCOPE v1 保留/纳入需方法审查
never	0	0	1	0	1	0	reference	自动生成；SCOPE v1 保留/纳入需方法审查
nevertheless	0	0	1	0	1	0	reference	自动生成；SCOPE v1 保留/纳入需方法审查
new	0	0	1	0	1	0	reference	自动生成；SCOPE v1 保留/纳入需方法审查
next	0	0	1	0	1	0	reference	自动生成；SCOPE v1 保留/纳入需方法审查
nine	0	0	1	0	1	0	reference	自动生成；SCOPE v1 保留/纳入需方法审查
no	0	0	1	0	1	0	reference	自动生成；SCOPE v1 保留/纳入需方法审查
nobody	0	0	1	0	1	0	reference	自动生成；SCOPE v1 保留/纳入需方法审查
non	0	0	1	0	1	0	reference	自动生成；SCOPE v1 保留/纳入需方法审查
none	0	0	1	0	1	0	reference	自动生成；SCOPE v1 保留/纳入需方法审查
noone	0	0	1	0	1	0	reference	自动生成；SCOPE v1 保留/纳入需方法审查
nor	0	0	1	0	1	0	reference	自动生成；SCOPE v1 保留/纳入需方法审查
normally	0	0	1	0	1	0	reference	自动生成；SCOPE v1 保留/纳入需方法审查
not	0	0	1	0	1	0	reference	自动生成；SCOPE v1 保留/纳入需方法审查
nothing	0	0	1	0	1	0	reference	自动生成；SCOPE v1 保留/纳入需方法审查
novel	0	0	1	0	1	0	reference	自动生成；SCOPE v1 保留/纳入需方法审查
now	0	0	1	0	1	0	reference	自动生成；SCOPE v1 保留/纳入需方法审查
nowhere	0	0	1	0	1	0	reference	自动生成；SCOPE v1 保留/纳入需方法审查
obviously	0	0	1	0	1	0	reference	自动生成；SCOPE v1 保留/纳入需方法审查
of	0	0	1	0	1	0	reference	自动生成；SCOPE v1 保留/纳入需方法审查
off	0	0	1	0	1	0	reference	自动生成；SCOPE v1 保留/纳入需方法审查
often	0	0	1	0	1	0	reference	自动生成；SCOPE v1 保留/纳入需方法审查
oh	0	0	1	0	1	0	reference	自动生成；SCOPE v1 保留/纳入需方法审查
ok	0	0	1	0	1	0	reference	自动生成；SCOPE v1 保留/纳入需方法审查
okay	0	0	1	0	1	0	reference	自动生成；SCOPE v1 保留/纳入需方法审查
old	0	0	1	0	1	0	reference	自动生成；SCOPE v1 保留/纳入需方法审查
on	0	0	1	0	1	0	reference	自动生成；SCOPE v1 保留/纳入需方法审查
once	0	0	1	0	1	0	reference	自动生成；SCOPE v1 保留/纳入需方法审查
one	0	0	1	0	1	0	reference	自动生成；SCOPE v1 保留/纳入需方法审查
ones	0	0	1	0	1	0	reference	自动生成；SCOPE v1 保留/纳入需方法审查
only	0	0	1	0	1	0	reference	自动生成；SCOPE v1 保留/纳入需方法审查
onto	0	0	1	0	1	0	reference	自动生成；SCOPE v1 保留/纳入需方法审查
or	0	0	1	0	1	0	reference	自动生成；SCOPE v1 保留/纳入需方法审查
other	0	0	1	0	1	0	reference	自动生成；SCOPE v1 保留/纳入需方法审查
others	0	0	1	0	1	0	reference	自动生成；SCOPE v1 保留/纳入需方法审查
otherwise	0	0	1	0	1	0	reference	自动生成；SCOPE v1 保留/纳入需方法审查
ought	0	0	1	0	1	0	reference	自动生成；SCOPE v1 保留/纳入需方法审查
our	0	0	1	0	1	0	reference	自动生成；SCOPE v1 保留/纳入需方法审查
ours	0	0	1	0	1	0	reference	自动生成；SCOPE v1 保留/纳入需方法审查
ourselves	0	0	1	0	1	0	reference	自动生成；SCOPE v1 保留/纳入需方法审查
out	0	0	1	0	1	0	reference	自动生成；SCOPE v1 保留/纳入需方法审查
outside	0	0	1	0	1	0	reference	自动生成；SCOPE v1 保留/纳入需方法审查
over	0	0	1	0	1	0	reference	自动生成；SCOPE v1 保留/纳入需方法审查
overall	0	0	1	0	1	0	reference	自动生成；SCOPE v1 保留/纳入需方法审查
own	0	0	1	0	1	0	reference	自动生成；SCOPE v1 保留/纳入需方法审查
particular	0	0	1	0	1	0	reference	自动生成；SCOPE v1 保留/纳入需方法审查
particularly	0	0	1	0	1	0	reference	自动生成；SCOPE v1 保留/纳入需方法审查
per	0	0	1	0	1	0	reference	自动生成；SCOPE v1 保留/纳入需方法审查
perhaps	0	0	1	0	1	0	reference	自动生成；SCOPE v1 保留/纳入需方法审查
placed	0	0	1	0	1	0	reference	自动生成；SCOPE v1 保留/纳入需方法审查
please	0	0	1	0	1	0	reference	自动生成；SCOPE v1 保留/纳入需方法审查
plus	0	0	1	0	1	0	reference	自动生成；SCOPE v1 保留/纳入需方法审查
possible	0	0	1	0	1	0	reference	自动生成；SCOPE v1 保留/纳入需方法审查
presumably	0	0	1	0	1	0	reference	自动生成；SCOPE v1 保留/纳入需方法审查
probably	0	0	1	0	1	0	reference	自动生成；SCOPE v1 保留/纳入需方法审查
provides	0	0	1	0	1	0	reference	自动生成；SCOPE v1 保留/纳入需方法审查
que	0	0	1	0	1	0	reference	自动生成；SCOPE v1 保留/纳入需方法审查
quite	0	0	1	0	1	0	reference	自动生成；SCOPE v1 保留/纳入需方法审查
qv	0	0	1	0	1	0	reference	自动生成；SCOPE v1 保留/纳入需方法审查
rather	0	0	1	0	1	0	reference	自动生成；SCOPE v1 保留/纳入需方法审查
rd	0	0	1	0	1	0	reference	自动生成；SCOPE v1 保留/纳入需方法审查
re	0	0	1	0	1	0	reference	自动生成；SCOPE v1 保留/纳入需方法审查
really	0	0	1	0	1	0	reference	自动生成；SCOPE v1 保留/纳入需方法审查
reasonably	0	0	1	0	1	0	reference	自动生成；SCOPE v1 保留/纳入需方法审查
regarding	0	0	1	0	1	0	reference	自动生成；SCOPE v1 保留/纳入需方法审查
regardless	0	0	1	0	1	0	reference	自动生成；SCOPE v1 保留/纳入需方法审查
regards	0	0	1	0	1	0	reference	自动生成；SCOPE v1 保留/纳入需方法审查
relatively	0	0	1	0	1	0	reference	自动生成；SCOPE v1 保留/纳入需方法审查
respectively	0	0	1	0	1	0	reference	自动生成；SCOPE v1 保留/纳入需方法审查
right	0	0	1	0	1	0	reference	自动生成；SCOPE v1 保留/纳入需方法审查
said	0	0	1	0	1	0	reference	自动生成；SCOPE v1 保留/纳入需方法审查
same	0	0	1	0	1	0	reference	自动生成；SCOPE v1 保留/纳入需方法审查
saw	0	0	1	0	1	0	reference	自动生成；SCOPE v1 保留/纳入需方法审查
say	0	0	1	0	1	0	reference	自动生成；SCOPE v1 保留/纳入需方法审查
saying	0	0	1	0	1	0	reference	自动生成；SCOPE v1 保留/纳入需方法审查
says	0	0	1	0	1	0	reference	自动生成；SCOPE v1 保留/纳入需方法审查
second	0	0	1	0	1	0	reference	自动生成；SCOPE v1 保留/纳入需方法审查
secondly	0	0	1	0	1	0	reference	自动生成；SCOPE v1 保留/纳入需方法审查
see	0	0	1	0	1	0	reference	自动生成；SCOPE v1 保留/纳入需方法审查
seeing	0	0	1	0	1	0	reference	自动生成；SCOPE v1 保留/纳入需方法审查
seem	0	0	1	0	1	0	reference	自动生成；SCOPE v1 保留/纳入需方法审查
seemed	0	0	1	0	1	0	reference	自动生成；SCOPE v1 保留/纳入需方法审查
seeming	0	0	1	0	1	0	reference	自动生成；SCOPE v1 保留/纳入需方法审查
seems	0	0	1	0	1	0	reference	自动生成；SCOPE v1 保留/纳入需方法审查
seen	0	0	1	0	1	0	reference	自动生成；SCOPE v1 保留/纳入需方法审查
self	0	0	1	0	1	0	reference	自动生成；SCOPE v1 保留/纳入需方法审查
selves	0	0	1	0	1	0	reference	自动生成；SCOPE v1 保留/纳入需方法审查
sensible	0	0	1	0	1	0	reference	自动生成；SCOPE v1 保留/纳入需方法审查
sent	0	0	1	0	1	0	reference	自动生成；SCOPE v1 保留/纳入需方法审查
serious	0	0	1	0	1	0	reference	自动生成；SCOPE v1 保留/纳入需方法审查
seriously	0	0	1	0	1	0	reference	自动生成；SCOPE v1 保留/纳入需方法审查
seven	0	0	1	0	1	0	reference	自动生成；SCOPE v1 保留/纳入需方法审查
several	0	0	1	0	1	0	reference	自动生成；SCOPE v1 保留/纳入需方法审查
shall	0	0	1	0	1	0	reference	自动生成；SCOPE v1 保留/纳入需方法审查
she	0	0	1	0	1	0	reference	自动生成；SCOPE v1 保留/纳入需方法审查
should	0	0	1	0	1	0	reference	自动生成；SCOPE v1 保留/纳入需方法审查
shouldn't	0	0	1	0	1	0	reference	自动生成；SCOPE v1 保留/纳入需方法审查
since	0	0	1	0	1	0	reference	自动生成；SCOPE v1 保留/纳入需方法审查
six	0	0	1	0	1	0	reference	自动生成；SCOPE v1 保留/纳入需方法审查
so	0	0	1	0	1	0	reference	自动生成；SCOPE v1 保留/纳入需方法审查
some	0	0	1	0	1	0	reference	自动生成；SCOPE v1 保留/纳入需方法审查
somebody	0	0	1	0	1	0	reference	自动生成；SCOPE v1 保留/纳入需方法审查
somehow	0	0	1	0	1	0	reference	自动生成；SCOPE v1 保留/纳入需方法审查
someone	0	0	1	0	1	0	reference	自动生成；SCOPE v1 保留/纳入需方法审查
something	0	0	1	0	1	0	reference	自动生成；SCOPE v1 保留/纳入需方法审查
sometime	0	0	1	0	1	0	reference	自动生成；SCOPE v1 保留/纳入需方法审查
sometimes	0	0	1	0	1	0	reference	自动生成；SCOPE v1 保留/纳入需方法审查
somewhat	0	0	1	0	1	0	reference	自动生成；SCOPE v1 保留/纳入需方法审查
somewhere	0	0	1	0	1	0	reference	自动生成；SCOPE v1 保留/纳入需方法审查
soon	0	0	1	0	1	0	reference	自动生成；SCOPE v1 保留/纳入需方法审查
sorry	0	0	1	0	1	0	reference	自动生成；SCOPE v1 保留/纳入需方法审查
specified	0	0	1	0	1	0	reference	自动生成；SCOPE v1 保留/纳入需方法审查
specify	0	0	1	0	1	0	reference	自动生成；SCOPE v1 保留/纳入需方法审查
specifying	0	0	1	0	1	0	reference	自动生成；SCOPE v1 保留/纳入需方法审查
still	0	0	1	0	1	0	reference	自动生成；SCOPE v1 保留/纳入需方法审查
sub	0	1	1	0	2	0	reference	自动生成；SCOPE v1 保留/纳入需方法审查
such	0	0	1	0	1	0	reference	自动生成；SCOPE v1 保留/纳入需方法审查
sup	0	1	1	0	2	0	reference	自动生成；SCOPE v1 保留/纳入需方法审查
sure	0	0	1	0	1	0	reference	自动生成；SCOPE v1 保留/纳入需方法审查
t's	0	0	1	0	1	0	reference	自动生成；SCOPE v1 保留/纳入需方法审查
take	0	0	1	0	1	0	reference	自动生成；SCOPE v1 保留/纳入需方法审查
taken	0	0	1	0	1	0	reference	自动生成；SCOPE v1 保留/纳入需方法审查
tell	0	0	1	0	1	0	reference	自动生成；SCOPE v1 保留/纳入需方法审查
tends	0	0	1	0	1	0	reference	自动生成；SCOPE v1 保留/纳入需方法审查
th	0	0	1	0	1	0	reference	自动生成；SCOPE v1 保留/纳入需方法审查
than	0	0	1	0	1	0	reference	自动生成；SCOPE v1 保留/纳入需方法审查
thank	0	0	1	0	1	0	reference	自动生成；SCOPE v1 保留/纳入需方法审查
thanks	0	0	1	0	1	0	reference	自动生成；SCOPE v1 保留/纳入需方法审查
thanx	0	0	1	0	1	0	reference	自动生成；SCOPE v1 保留/纳入需方法审查
that	0	0	1	0	1	0	reference	自动生成；SCOPE v1 保留/纳入需方法审查
that's	0	0	1	0	1	0	reference	自动生成；SCOPE v1 保留/纳入需方法审查
thats	0	0	1	0	1	0	reference	自动生成；SCOPE v1 保留/纳入需方法审查
the	0	0	1	0	1	0	reference	自动生成；SCOPE v1 保留/纳入需方法审查
their	0	0	1	0	1	0	reference	自动生成；SCOPE v1 保留/纳入需方法审查
theirs	0	0	1	0	1	0	reference	自动生成；SCOPE v1 保留/纳入需方法审查
them	0	0	1	0	1	0	reference	自动生成；SCOPE v1 保留/纳入需方法审查
themselves	0	0	1	0	1	0	reference	自动生成；SCOPE v1 保留/纳入需方法审查
then	0	0	1	0	1	0	reference	自动生成；SCOPE v1 保留/纳入需方法审查
thence	0	0	1	0	1	0	reference	自动生成；SCOPE v1 保留/纳入需方法审查
there	0	0	1	0	1	0	reference	自动生成；SCOPE v1 保留/纳入需方法审查
there's	0	0	1	0	1	0	reference	自动生成；SCOPE v1 保留/纳入需方法审查
thereafter	0	0	1	0	1	0	reference	自动生成；SCOPE v1 保留/纳入需方法审查
thereby	0	0	1	0	1	0	reference	自动生成；SCOPE v1 保留/纳入需方法审查
therefore	0	0	1	0	1	0	reference	自动生成；SCOPE v1 保留/纳入需方法审查
therein	0	0	1	0	1	0	reference	自动生成；SCOPE v1 保留/纳入需方法审查
theres	0	0	1	0	1	0	reference	自动生成；SCOPE v1 保留/纳入需方法审查
thereupon	0	0	1	0	1	0	reference	自动生成；SCOPE v1 保留/纳入需方法审查
these	0	0	1	0	1	0	reference	自动生成；SCOPE v1 保留/纳入需方法审查
they	0	0	1	0	1	0	reference	自动生成；SCOPE v1 保留/纳入需方法审查
they'd	0	0	1	0	1	0	reference	自动生成；SCOPE v1 保留/纳入需方法审查
they'll	0	0	1	0	1	0	reference	自动生成；SCOPE v1 保留/纳入需方法审查
they're	0	0	1	0	1	0	reference	自动生成；SCOPE v1 保留/纳入需方法审查
they've	0	0	1	0	1	0	reference	自动生成；SCOPE v1 保留/纳入需方法审查
think	0	0	1	0	1	0	reference	自动生成；SCOPE v1 保留/纳入需方法审查
third	0	0	1	0	1	0	reference	自动生成；SCOPE v1 保留/纳入需方法审查
this	0	0	1	0	1	0	reference	自动生成；SCOPE v1 保留/纳入需方法审查
thorough	0	0	1	0	1	0	reference	自动生成；SCOPE v1 保留/纳入需方法审查
thoroughly	0	0	1	0	1	0	reference	自动生成；SCOPE v1 保留/纳入需方法审查
those	0	0	1	0	1	0	reference	自动生成；SCOPE v1 保留/纳入需方法审查
though	0	0	1	0	1	0	reference	自动生成；SCOPE v1 保留/纳入需方法审查
three	0	0	1	0	1	0	reference	自动生成；SCOPE v1 保留/纳入需方法审查
through	0	0	1	0	1	0	reference	自动生成；SCOPE v1 保留/纳入需方法审查
throughout	0	0	1	0	1	0	reference	自动生成；SCOPE v1 保留/纳入需方法审查
thru	0	0	1	0	1	0	reference	自动生成；SCOPE v1 保留/纳入需方法审查
thus	0	0	1	0	1	0	reference	自动生成；SCOPE v1 保留/纳入需方法审查
to	0	0	1	0	1	0	reference	自动生成；SCOPE v1 保留/纳入需方法审查
together	0	0	1	0	1	0	reference	自动生成；SCOPE v1 保留/纳入需方法审查
too	0	0	1	0	1	0	reference	自动生成；SCOPE v1 保留/纳入需方法审查
took	0	0	1	0	1	0	reference	自动生成；SCOPE v1 保留/纳入需方法审查
toward	0	0	1	0	1	0	reference	自动生成；SCOPE v1 保留/纳入需方法审查
towards	0	0	1	0	1	0	reference	自动生成；SCOPE v1 保留/纳入需方法审查
tried	0	0	1	0	1	0	reference	自动生成；SCOPE v1 保留/纳入需方法审查
tries	0	0	1	0	1	0	reference	自动生成；SCOPE v1 保留/纳入需方法审查
truly	0	0	1	0	1	0	reference	自动生成；SCOPE v1 保留/纳入需方法审查
try	0	0	1	0	1	0	reference	自动生成；SCOPE v1 保留/纳入需方法审查
trying	0	0	1	0	1	0	reference	自动生成；SCOPE v1 保留/纳入需方法审查
twice	0	0	1	0	1	0	reference	自动生成；SCOPE v1 保留/纳入需方法审查
two	0	0	1	0	1	0	reference	自动生成；SCOPE v1 保留/纳入需方法审查
un	0	0	1	0	1	0	reference	自动生成；SCOPE v1 保留/纳入需方法审查
under	0	0	1	0	1	0	reference	自动生成；SCOPE v1 保留/纳入需方法审查
unfortunately	0	0	1	0	1	0	reference	自动生成；SCOPE v1 保留/纳入需方法审查
unless	0	0	1	0	1	0	reference	自动生成；SCOPE v1 保留/纳入需方法审查
unlikely	0	0	1	0	1	0	reference	自动生成；SCOPE v1 保留/纳入需方法审查
until	0	0	1	0	1	0	reference	自动生成；SCOPE v1 保留/纳入需方法审查
unto	0	0	1	0	1	0	reference	自动生成；SCOPE v1 保留/纳入需方法审查
up	0	0	1	0	1	0	reference	自动生成；SCOPE v1 保留/纳入需方法审查
upon	0	0	1	0	1	0	reference	自动生成；SCOPE v1 保留/纳入需方法审查
us	0	0	1	0	1	0	reference	自动生成；SCOPE v1 保留/纳入需方法审查
use	0	0	1	0	1	0	reference	自动生成；SCOPE v1 保留/纳入需方法审查
used	0	0	1	0	1	0	reference	自动生成；SCOPE v1 保留/纳入需方法审查
useful	0	0	1	0	1	0	reference	自动生成；SCOPE v1 保留/纳入需方法审查
uses	0	0	1	0	1	0	reference	自动生成；SCOPE v1 保留/纳入需方法审查
using	0	0	1	0	1	0	reference	自动生成；SCOPE v1 保留/纳入需方法审查
usually	0	0	1	0	1	0	reference	自动生成；SCOPE v1 保留/纳入需方法审查
value	0	0	1	0	1	0	reference	自动生成；SCOPE v1 保留/纳入需方法审查
various	0	0	1	0	1	0	reference	自动生成；SCOPE v1 保留/纳入需方法审查
very	0	0	1	0	1	0	reference	自动生成；SCOPE v1 保留/纳入需方法审查
via	0	0	1	0	1	0	reference	自动生成；SCOPE v1 保留/纳入需方法审查
viz	0	0	1	0	1	0	reference	自动生成；SCOPE v1 保留/纳入需方法审查
vs	0	0	1	0	1	0	reference	自动生成；SCOPE v1 保留/纳入需方法审查
want	0	0	1	0	1	0	reference	自动生成；SCOPE v1 保留/纳入需方法审查
wants	0	0	1	0	1	0	reference	自动生成；SCOPE v1 保留/纳入需方法审查
was	0	0	1	0	1	0	reference	自动生成；SCOPE v1 保留/纳入需方法审查
wasn't	0	0	1	0	1	0	reference	自动生成；SCOPE v1 保留/纳入需方法审查
way	0	0	1	0	1	0	reference	自动生成；SCOPE v1 保留/纳入需方法审查
we	0	0	1	0	1	0	reference	自动生成；SCOPE v1 保留/纳入需方法审查
we'd	0	0	1	0	1	0	reference	自动生成；SCOPE v1 保留/纳入需方法审查
we'll	0	0	1	0	1	0	reference	自动生成；SCOPE v1 保留/纳入需方法审查
we're	0	0	1	0	1	0	reference	自动生成；SCOPE v1 保留/纳入需方法审查
we've	0	0	1	0	1	0	reference	自动生成；SCOPE v1 保留/纳入需方法审查
welcome	0	0	1	0	1	0	reference	自动生成；SCOPE v1 保留/纳入需方法审查
well	0	0	1	0	1	0	reference	自动生成；SCOPE v1 保留/纳入需方法审查
went	0	0	1	0	1	0	reference	自动生成；SCOPE v1 保留/纳入需方法审查
were	0	0	1	0	1	0	reference	自动生成；SCOPE v1 保留/纳入需方法审查
weren't	0	0	1	0	1	0	reference	自动生成；SCOPE v1 保留/纳入需方法审查
what	0	0	1	0	1	0	reference	自动生成；SCOPE v1 保留/纳入需方法审查
what's	0	0	1	0	1	0	reference	自动生成；SCOPE v1 保留/纳入需方法审查
whatever	0	0	1	0	1	0	reference	自动生成；SCOPE v1 保留/纳入需方法审查
when	0	0	1	0	1	0	reference	自动生成；SCOPE v1 保留/纳入需方法审查
whence	0	0	1	0	1	0	reference	自动生成；SCOPE v1 保留/纳入需方法审查
whenever	0	0	1	0	1	0	reference	自动生成；SCOPE v1 保留/纳入需方法审查
where	0	0	1	0	1	0	reference	自动生成；SCOPE v1 保留/纳入需方法审查
where's	0	0	1	0	1	0	reference	自动生成；SCOPE v1 保留/纳入需方法审查
whereafter	0	0	1	0	1	0	reference	自动生成；SCOPE v1 保留/纳入需方法审查
whereas	0	0	1	0	1	0	reference	自动生成；SCOPE v1 保留/纳入需方法审查
whereby	0	0	1	0	1	0	reference	自动生成；SCOPE v1 保留/纳入需方法审查
wherein	0	0	1	0	1	0	reference	自动生成；SCOPE v1 保留/纳入需方法审查
whereupon	0	0	1	0	1	0	reference	自动生成；SCOPE v1 保留/纳入需方法审查
wherever	0	0	1	0	1	0	reference	自动生成；SCOPE v1 保留/纳入需方法审查
whether	0	0	1	0	1	0	reference	自动生成；SCOPE v1 保留/纳入需方法审查
which	0	0	1	0	1	0	reference	自动生成；SCOPE v1 保留/纳入需方法审查
while	0	0	1	0	1	0	reference	自动生成；SCOPE v1 保留/纳入需方法审查
whither	0	0	1	0	1	0	reference	自动生成；SCOPE v1 保留/纳入需方法审查
who	0	0	1	0	1	0	reference	自动生成；SCOPE v1 保留/纳入需方法审查
who's	0	0	1	0	1	0	reference	自动生成；SCOPE v1 保留/纳入需方法审查
whoever	0	0	1	0	1	0	reference	自动生成；SCOPE v1 保留/纳入需方法审查
whole	0	0	1	0	1	0	reference	自动生成；SCOPE v1 保留/纳入需方法审查
whom	0	0	1	0	1	0	reference	自动生成；SCOPE v1 保留/纳入需方法审查
whose	0	0	1	0	1	0	reference	自动生成；SCOPE v1 保留/纳入需方法审查
why	0	0	1	0	1	0	reference	自动生成；SCOPE v1 保留/纳入需方法审查
will	0	0	1	0	1	0	reference	自动生成；SCOPE v1 保留/纳入需方法审查
willing	0	0	1	0	1	0	reference	自动生成；SCOPE v1 保留/纳入需方法审查
wish	0	0	1	0	1	0	reference	自动生成；SCOPE v1 保留/纳入需方法审查
with	0	0	1	0	1	0	reference	自动生成；SCOPE v1 保留/纳入需方法审查
within	0	0	1	0	1	0	reference	自动生成；SCOPE v1 保留/纳入需方法审查
without	0	0	1	0	1	0	reference	自动生成；SCOPE v1 保留/纳入需方法审查
won't	0	0	1	0	1	0	reference	自动生成；SCOPE v1 保留/纳入需方法审查
wonder	0	0	1	0	1	0	reference	自动生成；SCOPE v1 保留/纳入需方法审查
would	0	0	1	0	1	0	reference	自动生成；SCOPE v1 保留/纳入需方法审查
wouldn't	0	0	1	0	1	0	reference	自动生成；SCOPE v1 保留/纳入需方法审查
yes	0	0	1	0	1	0	reference	自动生成；SCOPE v1 保留/纳入需方法审查
yet	0	0	1	0	1	0	reference	自动生成；SCOPE v1 保留/纳入需方法审查
you	0	0	1	0	1	0	reference	自动生成；SCOPE v1 保留/纳入需方法审查
you'd	0	0	1	0	1	0	reference	自动生成；SCOPE v1 保留/纳入需方法审查
you'll	0	0	1	0	1	0	reference	自动生成；SCOPE v1 保留/纳入需方法审查
you're	0	0	1	0	1	0	reference	自动生成；SCOPE v1 保留/纳入需方法审查
you've	0	0	1	0	1	0	reference	自动生成；SCOPE v1 保留/纳入需方法审查
your	0	0	1	0	1	0	reference	自动生成；SCOPE v1 保留/纳入需方法审查
yours	0	0	1	0	1	0	reference	自动生成；SCOPE v1 保留/纳入需方法审查
yourself	0	0	1	0	1	0	reference	自动生成；SCOPE v1 保留/纳入需方法审查
yourselves	0	0	1	0	1	0	reference	自动生成；SCOPE v1 保留/纳入需方法审查
zero	0	0	1	0	1	0	reference	自动生成；SCOPE v1 保留/纳入需方法审查
zt	0	0	1	0	1	0	reference	自动生成；SCOPE v1 保留/纳入需方法审查
zz	0	0	1	0	1	0	reference	自动生成；SCOPE v1 保留/纳入需方法审查
}	0	1	0	0	1	0	reference	自动生成；SCOPE v1 保留/纳入需方法审查
~~~~	0	1	0	0	1	0	reference	自动生成；SCOPE v1 保留/纳入需方法审查
·	0	1	0	0	1	0	reference	自动生成；SCOPE v1 保留/纳入需方法审查
×	0	1	0	0	1	0	reference	自动生成；SCOPE v1 保留/纳入需方法审查
×××	0	1	0	0	1	0	reference	自动生成；SCOPE v1 保留/纳入需方法审查
Δ	0	1	0	0	1	0	reference	自动生成；SCOPE v1 保留/纳入需方法审查
Ψ	0	1	0	0	1	0	reference	自动生成；SCOPE v1 保留/纳入需方法审查
γ	0	1	0	0	1	0	reference	自动生成；SCOPE v1 保留/纳入需方法审查
μ	0	1	0	0	1	0	reference	自动生成；SCOPE v1 保留/纳入需方法审查
φ	0	1	0	0	1	0	reference	自动生成；SCOPE v1 保留/纳入需方法审查
φ．	0	1	0	0	1	0	reference	自动生成；SCOPE v1 保留/纳入需方法审查
В	0	1	0	0	1	0	reference	自动生成；SCOPE v1 保留/纳入需方法审查
—	0	1	0	0	1	0	reference	自动生成；SCOPE v1 保留/纳入需方法审查
——	0	1	0	0	1	0	reference	自动生成；SCOPE v1 保留/纳入需方法审查
———	0	1	0	0	1	0	reference	自动生成；SCOPE v1 保留/纳入需方法审查
‘	0	1	0	0	1	0	reference	自动生成；SCOPE v1 保留/纳入需方法审查
’	0	1	0	0	1	0	reference	自动生成；SCOPE v1 保留/纳入需方法审查
’‘	0	1	0	0	1	0	reference	自动生成；SCOPE v1 保留/纳入需方法审查
“	1	1	1	0	3	0	reference	自动生成；SCOPE v1 保留/纳入需方法审查
”	1	1	1	0	3	0	reference	自动生成；SCOPE v1 保留/纳入需方法审查
”，	0	1	0	0	1	0	reference	自动生成；SCOPE v1 保留/纳入需方法审查
……	0	1	0	0	1	0	reference	自动生成；SCOPE v1 保留/纳入需方法审查
…………………………………………………③	0	1	0	0	1	0	reference	自动生成；SCOPE v1 保留/纳入需方法审查
′∈	0	1	0	0	1	0	reference	自动生成；SCOPE v1 保留/纳入需方法审查
′｜	0	1	0	0	1	0	reference	自动生成；SCOPE v1 保留/纳入需方法审查
℃	0	1	0	0	1	0	reference	自动生成；SCOPE v1 保留/纳入需方法审查
Ⅲ	0	1	0	0	1	0	reference	自动生成；SCOPE v1 保留/纳入需方法审查
↑	0	1	0	0	1	0	reference	自动生成；SCOPE v1 保留/纳入需方法审查
→	0	1	0	0	1	0	reference	自动生成；SCOPE v1 保留/纳入需方法审查
∈［	0	1	0	0	1	0	reference	自动生成；SCOPE v1 保留/纳入需方法审查
∪φ∈	0	1	0	0	1	0	reference	自动生成；SCOPE v1 保留/纳入需方法审查
≈	0	1	0	0	1	0	reference	自动生成；SCOPE v1 保留/纳入需方法审查
①	0	1	0	0	1	0	reference	自动生成；SCOPE v1 保留/纳入需方法审查
②	0	1	0	0	1	0	reference	自动生成；SCOPE v1 保留/纳入需方法审查
②ｃ	0	1	0	0	1	0	reference	自动生成；SCOPE v1 保留/纳入需方法审查
③	0	1	0	0	1	0	reference	自动生成；SCOPE v1 保留/纳入需方法审查
③］	0	1	0	0	1	0	reference	自动生成；SCOPE v1 保留/纳入需方法审查
④	0	1	0	0	1	0	reference	自动生成；SCOPE v1 保留/纳入需方法审查
⑤	0	1	0	0	1	0	reference	自动生成；SCOPE v1 保留/纳入需方法审查
⑥	0	1	0	0	1	0	reference	自动生成；SCOPE v1 保留/纳入需方法审查
⑦	0	1	0	0	1	0	reference	自动生成；SCOPE v1 保留/纳入需方法审查
⑧	0	1	0	0	1	0	reference	自动生成；SCOPE v1 保留/纳入需方法审查
⑨	0	1	0	0	1	0	reference	自动生成；SCOPE v1 保留/纳入需方法审查
⑩	0	1	0	0	1	0	reference	自动生成；SCOPE v1 保留/纳入需方法审查
──	0	1	0	0	1	0	reference	自动生成；SCOPE v1 保留/纳入需方法审查
■	0	1	0	0	1	0	reference	自动生成；SCOPE v1 保留/纳入需方法审查
▲	0	1	0	0	1	0	reference	自动生成；SCOPE v1 保留/纳入需方法审查
、	1	1	0	0	2	0	reference	自动生成；SCOPE v1 保留/纳入需方法审查
。	1	1	0	0	2	0	reference	自动生成；SCOPE v1 保留/纳入需方法审查
〉	0	1	0	0	1	0	reference	自动生成；SCOPE v1 保留/纳入需方法审查
《	1	1	0	0	2	0	reference	自动生成；SCOPE v1 保留/纳入需方法审查
》	1	1	1	0	3	0	reference	自动生成；SCOPE v1 保留/纳入需方法审查
》），	0	1	0	0	1	0	reference	自动生成；SCOPE v1 保留/纳入需方法审查
」	0	1	0	0	1	0	reference	自动生成；SCOPE v1 保留/纳入需方法审查
『	0	1	0	0	1	0	reference	自动生成；SCOPE v1 保留/纳入需方法审查
』	0	1	0	0	1	0	reference	自动生成；SCOPE v1 保留/纳入需方法审查
【	0	1	0	0	1	0	reference	自动生成；SCOPE v1 保留/纳入需方法审查
】	0	1	0	0	1	0	reference	自动生成；SCOPE v1 保留/纳入需方法审查
〔	0	1	0	0	1	0	reference	自动生成；SCOPE v1 保留/纳入需方法审查
〕	0	1	0	0	1	0	reference	自动生成；SCOPE v1 保留/纳入需方法审查
〕〔	0	1	0	0	1	0	reference	自动生成；SCOPE v1 保留/纳入需方法审查
㈧	0	1	0	0	1	0	reference	自动生成；SCOPE v1 保留/纳入需方法审查
一	1	1	1	0	3	0	reference	自动生成；SCOPE v1 保留/纳入需方法审查
一.	0	1	0	0	1	0	reference	自动生成；SCOPE v1 保留/纳入需方法审查
一一	0	1	0	0	1	0	reference	自动生成；SCOPE v1 保留/纳入需方法审查
一下	0	0	1	0	1	0	reference	自动生成；SCOPE v1 保留/纳入需方法审查
一个	0	1	0	0	1	1	reference	自动生成；SCOPE v1 保留/纳入需方法审查
一些	1	1	1	0	3	1	reference	自动生成；SCOPE v1 保留/纳入需方法审查
一何	1	0	0	0	1	0	reference	自动生成；SCOPE v1 保留/纳入需方法审查
一切	1	1	1	1	4	0	reference	自动生成；SCOPE v1 保留/纳入需方法审查
一则	1	1	1	0	3	0	reference	自动生成；SCOPE v1 保留/纳入需方法审查
一则通过	0	0	0	1	1	0	reference	自动生成；SCOPE v1 保留/纳入需方法审查
一天	0	0	1	0	1	0	reference	自动生成；SCOPE v1 保留/纳入需方法审查
一定	0	0	1	0	1	0	reference	自动生成；SCOPE v1 保留/纳入需方法审查
一方面	1	1	1	1	4	0	reference	自动生成；SCOPE v1 保留/纳入需方法审查
一旦	1	1	1	1	4	0	reference	自动生成；SCOPE v1 保留/纳入需方法审查
一时	0	0	1	0	1	0	reference	自动生成；SCOPE v1 保留/纳入需方法审查
一来	1	1	1	1	4	0	reference	自动生成；SCOPE v1 保留/纳入需方法审查
一样	1	1	1	1	4	0	reference	自动生成；SCOPE v1 保留/纳入需方法审查
一次	0	0	1	0	1	0	reference	自动生成；SCOPE v1 保留/纳入需方法审查
一片	0	0	1	0	1	0	reference	自动生成；SCOPE v1 保留/纳入需方法审查
一番	0	1	0	0	1	0	reference	自动生成；SCOPE v1 保留/纳入需方法审查
一直	0	1	1	0	2	0	reference	自动生成；SCOPE v1 保留/纳入需方法审查
一致	0	0	1	0	1	0	reference	自动生成；SCOPE v1 保留/纳入需方法审查
一般	1	1	1	1	4	0	reference	自动生成；SCOPE v1 保留/纳入需方法审查
一起	0	0	1	0	1	0	reference	自动生成；SCOPE v1 保留/纳入需方法审查
一转眼	1	0	0	0	1	0	reference	自动生成；SCOPE v1 保留/纳入需方法审查
一边	0	0	1	0	1	0	reference	自动生成；SCOPE v1 保留/纳入需方法审查
一面	0	0	1	0	1	0	reference	自动生成；SCOPE v1 保留/纳入需方法审查
万一	1	1	1	1	4	0	reference	自动生成；SCOPE v1 保留/纳入需方法审查
三天两头	0	0	0	1	1	0	reference	自动生成；SCOPE v1 保留/纳入需方法审查
三番两次	0	0	0	1	1	0	reference	自动生成；SCOPE v1 保留/纳入需方法审查
三番五次	0	0	0	1	1	0	reference	自动生成；SCOPE v1 保留/纳入需方法审查
上	1	0	0	0	1	0	reference	自动生成；SCOPE v1 保留/纳入需方法审查
上下	1	1	1	1	4	0	reference	自动生成；SCOPE v1 保留/纳入需方法审查
上升	0	0	1	0	1	0	reference	自动生成；SCOPE v1 保留/纳入需方法审查
上去	0	0	1	1	2	0	reference	自动生成；SCOPE v1 保留/纳入需方法审查
上来	0	0	1	1	2	0	reference	自动生成；SCOPE v1 保留/纳入需方法审查
上述	0	0	1	0	1	0	reference	自动生成；SCOPE v1 保留/纳入需方法审查
上面	0	0	1	0	1	0	reference	自动生成；SCOPE v1 保留/纳入需方法审查
下	1	0	0	0	1	0	reference	自动生成；SCOPE v1 保留/纳入需方法审查
下列	0	0	1	0	1	0	reference	自动生成；SCOPE v1 保留/纳入需方法审查
下去	0	0	1	0	1	0	reference	自动生成；SCOPE v1 保留/纳入需方法审查
下来	0	0	1	0	1	0	reference	自动生成；SCOPE v1 保留/纳入需方法审查
下面	0	0	1	0	1	0	reference	自动生成；SCOPE v1 保留/纳入需方法审查
不	1	0	0	0	1	0	reference	自动生成；SCOPE v1 保留/纳入需方法审查
不一	0	0	1	0	1	0	reference	自动生成；SCOPE v1 保留/纳入需方法审查
不下	0	0	0	1	1	0	reference	自动生成；SCOPE v1 保留/纳入需方法审查
不久	0	0	1	0	1	0	reference	自动生成；SCOPE v1 保留/纳入需方法审查
不了	0	0	0	1	1	0	reference	自动生成；SCOPE v1 保留/纳入需方法审查
不亦乐乎	0	0	0	1	1	0	reference	自动生成；SCOPE v1 保留/纳入需方法审查
不仅	1	1	1	1	4	0	reference	自动生成；SCOPE v1 保留/纳入需方法审查
不仅仅	0	0	0	1	1	0	reference	自动生成；SCOPE v1 保留/纳入需方法审查
不仅仅是	0	0	0	1	1	0	reference	自动生成；SCOPE v1 保留/纳入需方法审查
不会	0	0	1	1	2	1	reference	自动生成；SCOPE v1 保留/纳入需方法审查
不但	1	1	1	1	4	0	reference	自动生成；SCOPE v1 保留/纳入需方法审查
不光	1	1	1	1	4	0	reference	自动生成；SCOPE v1 保留/纳入需方法审查
不免	0	0	0	1	1	0	reference	自动生成；SCOPE v1 保留/纳入需方法审查
不再	0	0	0	1	1	0	reference	自动生成；SCOPE v1 保留/纳入需方法审查
不力	0	0	0	1	1	0	reference	自动生成；SCOPE v1 保留/纳入需方法审查
不单	1	1	1	1	4	0	reference	自动生成；SCOPE v1 保留/纳入需方法审查
不变	0	0	1	0	1	0	reference	自动生成；SCOPE v1 保留/纳入需方法审查
不只	1	1	1	1	4	0	reference	自动生成；SCOPE v1 保留/纳入需方法审查
不可	0	0	1	0	1	0	reference	自动生成；SCOPE v1 保留/纳入需方法审查
不可开交	0	0	0	1	1	0	reference	自动生成；SCOPE v1 保留/纳入需方法审查
不可抗拒	0	0	0	1	1	0	reference	自动生成；SCOPE v1 保留/纳入需方法审查
不同	0	0	1	1	2	0	reference	自动生成；SCOPE v1 保留/纳入需方法审查
不外	0	0	0	1	1	0	reference	自动生成；SCOPE v1 保留/纳入需方法审查
不外乎	1	0	0	1	2	0	reference	自动生成；SCOPE v1 保留/纳入需方法审查
不够	0	0	1	0	1	0	reference	自动生成；SCOPE v1 保留/纳入需方法审查
不大	0	0	0	1	1	0	reference	自动生成；SCOPE v1 保留/纳入需方法审查
不如	1	1	1	1	4	0	reference	自动生成；SCOPE v1 保留/纳入需方法审查
不妨	1	0	0	1	2	0	reference	自动生成；SCOPE v1 保留/纳入需方法审查
不定	0	0	0	1	1	0	reference	自动生成；SCOPE v1 保留/纳入需方法审查
不对	0	0	0	1	1	0	reference	自动生成；SCOPE v1 保留/纳入需方法审查
不少	0	0	0	1	1	0	reference	自动生成；SCOPE v1 保留/纳入需方法审查
不尽	1	0	0	0	1	0	reference	自动生成；SCOPE v1 保留/纳入需方法审查
不尽然	1	0	0	0	1	0	reference	自动生成；SCOPE v1 保留/纳入需方法审查
不巧	0	0	0	1	1	0	reference	自动生成；SCOPE v1 保留/纳入需方法审查
不已	0	0	0	1	1	0	reference	自动生成；SCOPE v1 保留/纳入需方法审查
不常	0	0	0	1	1	0	reference	自动生成；SCOPE v1 保留/纳入需方法审查
不得	1	0	1	1	3	0	reference	自动生成；SCOPE v1 保留/纳入需方法审查
不得不	0	0	0	1	1	0	reference	自动生成；SCOPE v1 保留/纳入需方法审查
不得了	0	0	0	1	1	0	reference	自动生成；SCOPE v1 保留/纳入需方法审查
不得已	0	0	0	1	1	0	reference	自动生成；SCOPE v1 保留/纳入需方法审查
不必	0	0	0	1	1	0	reference	自动生成；SCOPE v1 保留/纳入需方法审查
不怎么	0	0	0	1	1	0	reference	自动生成；SCOPE v1 保留/纳入需方法审查
不怕	1	1	1	1	4	0	reference	自动生成；SCOPE v1 保留/纳入需方法审查
不惟	1	1	1	1	4	0	reference	自动生成；SCOPE v1 保留/纳入需方法审查
不成	1	1	1	1	4	0	reference	自动生成；SCOPE v1 保留/纳入需方法审查
不拘	1	1	1	1	4	0	reference	自动生成；SCOPE v1 保留/纳入需方法审查
不择手段	0	0	0	1	1	0	reference	自动生成；SCOPE v1 保留/纳入需方法审查
不敢	0	0	1	0	1	0	reference	自动生成；SCOPE v1 保留/纳入需方法审查
不料	1	0	0	1	2	0	reference	自动生成；SCOPE v1 保留/纳入需方法审查
不断	0	0	1	0	1	0	reference	自动生成；SCOPE v1 保留/纳入需方法审查
不日	0	0	0	1	1	0	reference	自动生成；SCOPE v1 保留/纳入需方法审查
不时	0	0	0	1	1	0	reference	自动生成；SCOPE v1 保留/纳入需方法审查
不是	1	0	1	1	3	1	reference	自动生成；SCOPE v1 保留/纳入需方法审查
不曾	0	0	0	1	1	0	reference	自动生成；SCOPE v1 保留/纳入需方法审查
不止	0	0	0	1	1	0	reference	自动生成；SCOPE v1 保留/纳入需方法审查
不止一次	0	0	0	1	1	0	reference	自动生成；SCOPE v1 保留/纳入需方法审查
不比	1	1	1	1	4	0	reference	自动生成；SCOPE v1 保留/纳入需方法审查
不消	0	0	0	1	1	0	reference	自动生成；SCOPE v1 保留/纳入需方法审查
不满	0	0	0	1	1	0	reference	自动生成；SCOPE v1 保留/纳入需方法审查
不然	1	1	1	1	4	0	reference	自动生成；SCOPE v1 保留/纳入需方法审查
不然的话	0	0	0	1	1	0	reference	自动生成；SCOPE v1 保留/纳入需方法审查
不特	1	1	1	1	4	0	reference	自动生成；SCOPE v1 保留/纳入需方法审查
不独	1	1	1	1	4	0	reference	自动生成；SCOPE v1 保留/纳入需方法审查
不由得	0	0	0	1	1	0	reference	自动生成；SCOPE v1 保留/纳入需方法审查
不知不觉	0	0	0	1	1	0	reference	自动生成；SCOPE v1 保留/纳入需方法审查
不管	1	1	1	1	4	0	reference	自动生成；SCOPE v1 保留/纳入需方法审查
不管怎样	0	0	0	1	1	0	reference	自动生成；SCOPE v1 保留/纳入需方法审查
不经意	0	0	0	1	1	0	reference	自动生成；SCOPE v1 保留/纳入需方法审查
不胜	0	0	0	1	1	0	reference	自动生成；SCOPE v1 保留/纳入需方法审查
不能	0	0	1	1	2	1	reference	自动生成；SCOPE v1 保留/纳入需方法审查
不能不	0	0	0	1	1	0	reference	自动生成；SCOPE v1 保留/纳入需方法审查
不至于	1	0	0	1	2	0	reference	自动生成；SCOPE v1 保留/纳入需方法审查
不若	1	0	0	0	1	0	reference	自动生成；SCOPE v1 保留/纳入需方法审查
不要	0	0	1	1	2	1	reference	自动生成；SCOPE v1 保留/纳入需方法审查
不论	1	1	1	1	4	0	reference	自动生成；SCOPE v1 保留/纳入需方法审查
不起	0	0	0	1	1	0	reference	自动生成；SCOPE v1 保留/纳入需方法审查
不足	0	0	1	0	1	0	reference	自动生成；SCOPE v1 保留/纳入需方法审查
不过	1	1	1	1	4	0	reference	自动生成；SCOPE v1 保留/纳入需方法审查
不迭	0	0	0	1	1	0	reference	自动生成；SCOPE v1 保留/纳入需方法审查
不问	1	1	1	1	4	0	reference	自动生成；SCOPE v1 保留/纳入需方法审查
不限	0	0	0	1	1	0	reference	自动生成；SCOPE v1 保留/纳入需方法审查
与	1	1	1	0	3	1	reference	自动生成；SCOPE v1 保留/纳入需方法审查
与其	1	1	1	1	4	0	reference	自动生成；SCOPE v1 保留/纳入需方法审查
与其说	1	0	0	0	1	0	reference	自动生成；SCOPE v1 保留/纳入需方法审查
与否	1	1	1	1	4	0	reference	自动生成；SCOPE v1 保留/纳入需方法审查
与此同时	1	1	1	1	4	0	reference	自动生成；SCOPE v1 保留/纳入需方法审查
专门	0	0	1	0	1	0	reference	自动生成；SCOPE v1 保留/纳入需方法审查
且	1	1	1	0	3	0	reference	自动生成；SCOPE v1 保留/纳入需方法审查
且不说	1	0	0	0	1	0	reference	自动生成；SCOPE v1 保留/纳入需方法审查
且说	1	0	0	0	1	0	reference	自动生成；SCOPE v1 保留/纳入需方法审查
两者	1	1	1	1	4	0	reference	自动生成；SCOPE v1 保留/纳入需方法审查
严格	0	0	1	0	1	0	reference	自动生成；SCOPE v1 保留/纳入需方法审查
严重	0	0	1	0	1	0	reference	自动生成；SCOPE v1 保留/纳入需方法审查
个	1	1	1	0	3	0	reference	自动生成；SCOPE v1 保留/纳入需方法审查
个人	0	0	1	1	2	0	reference	自动生成；SCOPE v1 保留/纳入需方法审查
个别	1	0	1	0	2	0	reference	自动生成；SCOPE v1 保留/纳入需方法审查
中小	0	0	1	0	1	0	reference	自动生成；SCOPE v1 保留/纳入需方法审查
中间	0	0	1	0	1	0	reference	自动生成；SCOPE v1 保留/纳入需方法审查
丰富	0	0	1	0	1	0	reference	自动生成；SCOPE v1 保留/纳入需方法审查
临	1	1	1	0	3	0	reference	自动生成；SCOPE v1 保留/纳入需方法审查
临到	0	0	0	1	1	0	reference	自动生成；SCOPE v1 保留/纳入需方法审查
为	1	1	1	0	3	1	reference	自动生成；SCOPE v1 保留/纳入需方法审查
为主	0	0	1	0	1	0	reference	自动生成；SCOPE v1 保留/纳入需方法审查
为了	1	1	1	1	4	0	reference	自动生成；SCOPE v1 保留/纳入需方法审查
为什么	1	1	1	1	4	0	reference	自动生成；SCOPE v1 保留/纳入需方法审查
为什麽	0	0	1	0	1	0	reference	自动生成；SCOPE v1 保留/纳入需方法审查
为何	1	1	1	1	4	0	reference	自动生成；SCOPE v1 保留/纳入需方法审查
为止	1	0	0	0	1	0	reference	自动生成；SCOPE v1 保留/纳入需方法审查
为此	1	0	0	0	1	0	reference	自动生成；SCOPE v1 保留/纳入需方法审查
为着	1	1	1	1	4	0	reference	自动生成；SCOPE v1 保留/纳入需方法审查
主张	0	0	1	0	1	0	reference	自动生成；SCOPE v1 保留/纳入需方法审查
主要	0	0	1	0	1	0	reference	自动生成；SCOPE v1 保留/纳入需方法审查
举凡	0	0	0	1	1	0	reference	自动生成；SCOPE v1 保留/纳入需方法审查
举行	0	0	1	0	1	0	reference	自动生成；SCOPE v1 保留/纳入需方法审查
乃	1	1	1	0	3	0	reference	自动生成；SCOPE v1 保留/纳入需方法审查
乃至	1	1	1	1	4	0	reference	自动生成；SCOPE v1 保留/纳入需方法审查
乃至于	1	0	0	0	1	0	reference	自动生成；SCOPE v1 保留/纳入需方法审查
么	1	1	1	0	3	0	reference	自动生成；SCOPE v1 保留/纳入需方法审查
之	1	1	1	0	3	0	reference	自动生成；SCOPE v1 保留/纳入需方法审查
之一	1	1	1	1	4	0	reference	自动生成；SCOPE v1 保留/纳入需方法审查
之前	0	0	1	0	1	0	reference	自动生成；SCOPE v1 保留/纳入需方法审查
之后	0	0	1	0	1	0	reference	自动生成；SCOPE v1 保留/纳入需方法审查
之後	0	0	1	0	1	0	reference	自动生成；SCOPE v1 保留/纳入需方法审查
之所以	1	1	1	1	4	0	reference	自动生成；SCOPE v1 保留/纳入需方法审查
之类	1	1	1	1	4	0	reference	自动生成；SCOPE v1 保留/纳入需方法审查
乌乎	1	1	1	1	4	0	reference	自动生成；SCOPE v1 保留/纳入需方法审查
乎	1	1	1	1	4	0	reference	自动生成；SCOPE v1 保留/纳入需方法审查
乘	1	1	1	0	3	0	reference	自动生成；SCOPE v1 保留/纳入需方法审查
乘势	0	0	0	1	1	0	reference	自动生成；SCOPE v1 保留/纳入需方法审查
乘机	0	0	0	1	1	0	reference	自动生成；SCOPE v1 保留/纳入需方法审查
乘虚	0	0	0	1	1	0	reference	自动生成；SCOPE v1 保留/纳入需方法审查
乘隙	0	0	0	1	1	0	reference	自动生成；SCOPE v1 保留/纳入需方法审查
也	1	1	1	0	3	1	reference	自动生成；SCOPE v1 保留/纳入需方法审查
也好	1	1	1	1	4	0	reference	自动生成；SCOPE v1 保留/纳入需方法审查
也就是说	0	1	0	0	1	0	reference	自动生成；SCOPE v1 保留/纳入需方法审查
也是	0	0	1	0	1	0	reference	自动生成；SCOPE v1 保留/纳入需方法审查
也罢	1	1	1	1	4	0	reference	自动生成；SCOPE v1 保留/纳入需方法审查
了	1	1	1	1	4	1	reference	自动生成；SCOPE v1 保留/纳入需方法审查
了解	0	0	1	0	1	0	reference	自动生成；SCOPE v1 保留/纳入需方法审查
争取	0	0	1	0	1	0	reference	自动生成；SCOPE v1 保留/纳入需方法审查
二来	1	0	0	0	1	0	reference	自动生成；SCOPE v1 保留/纳入需方法审查
二话不说	0	0	0	1	1	0	reference	自动生成；SCOPE v1 保留/纳入需方法审查
二话没说	0	0	0	1	1	0	reference	自动生成；SCOPE v1 保留/纳入需方法审查
于	1	1	1	0	3	1	reference	自动生成；SCOPE v1 保留/纳入需方法审查
于是	1	1	1	1	4	0	reference	自动生成；SCOPE v1 保留/纳入需方法审查
于是乎	1	1	1	1	4	0	reference	自动生成；SCOPE v1 保留/纳入需方法审查
云云	1	1	1	1	4	0	reference	自动生成；SCOPE v1 保留/纳入需方法审查
云尔	1	0	0	0	1	0	reference	自动生成；SCOPE v1 保留/纳入需方法审查
互相	0	0	1	1	2	0	reference	自动生成；SCOPE v1 保留/纳入需方法审查
些	1	0	0	0	1	0	reference	自动生成；SCOPE v1 保留/纳入需方法审查
交口	0	0	0	1	1	0	reference	自动生成；SCOPE v1 保留/纳入需方法审查
亦	1	0	0	0	1	0	reference	自动生成；SCOPE v1 保留/纳入需方法审查
产生	0	0	1	0	1	0	reference	自动生成；SCOPE v1 保留/纳入需方法审查
亲口	0	0	0	1	1	0	reference	自动生成；SCOPE v1 保留/纳入需方法审查
亲手	0	0	0	1	1	0	reference	自动生成；SCOPE v1 保留/纳入需方法审查
亲眼	0	0	0	1	1	0	reference	自动生成；SCOPE v1 保留/纳入需方法审查
亲自	0	0	0	1	1	0	reference	自动生成；SCOPE v1 保留/纳入需方法审查
亲身	0	0	0	1	1	0	reference	自动生成；SCOPE v1 保留/纳入需方法审查
人	1	0	0	0	1	0	reference	自动生成；SCOPE v1 保留/纳入需方法审查
人人	0	0	0	1	1	0	reference	自动生成；SCOPE v1 保留/纳入需方法审查
人们	1	0	1	0	2	0	reference	自动生成；SCOPE v1 保留/纳入需方法审查
人家	1	1	1	1	4	0	reference	自动生成；SCOPE v1 保留/纳入需方法审查
什么	1	1	1	1	4	1	reference	自动生成；SCOPE v1 保留/纳入需方法审查
什么样	1	1	1	1	4	0	reference	自动生成；SCOPE v1 保留/纳入需方法审查
什麽	0	0	1	0	1	0	reference	自动生成；SCOPE v1 保留/纳入需方法审查
今	1	0	0	0	1	0	reference	自动生成；SCOPE v1 保留/纳入需方法审查
今后	0	0	1	0	1	0	reference	自动生成；SCOPE v1 保留/纳入需方法审查
今天	0	0	1	0	1	0	reference	自动生成；SCOPE v1 保留/纳入需方法审查
今年	0	0	1	0	1	0	reference	自动生成；SCOPE v1 保留/纳入需方法审查
今後	0	0	1	0	1	0	reference	自动生成；SCOPE v1 保留/纳入需方法审查
介于	1	0	0	0	1	0	reference	自动生成；SCOPE v1 保留/纳入需方法审查
仍	1	0	0	0	1	0	reference	自动生成；SCOPE v1 保留/纳入需方法审查
仍旧	1	0	0	1	2	0	reference	自动生成；SCOPE v1 保留/纳入需方法审查
仍然	0	0	1	1	2	0	reference	自动生成；SCOPE v1 保留/纳入需方法审查
从	1	1	1	0	3	1	reference	自动生成；SCOPE v1 保留/纳入需方法审查
从不	0	0	0	1	1	0	reference	自动生成；SCOPE v1 保留/纳入需方法审查
从严	0	0	0	1	1	0	reference	自动生成；SCOPE v1 保留/纳入需方法审查
从中	0	0	0	1	1	0	reference	自动生成；SCOPE v1 保留/纳入需方法审查
从事	0	0	1	0	1	0	reference	自动生成；SCOPE v1 保留/纳入需方法审查
从今以后	0	0	0	1	1	0	reference	自动生成；SCOPE v1 保留/纳入需方法审查
从优	0	0	0	1	1	0	reference	自动生成；SCOPE v1 保留/纳入需方法审查
从古到今	0	0	0	1	1	0	reference	自动生成；SCOPE v1 保留/纳入需方法审查
从古至今	0	0	0	1	1	0	reference	自动生成；SCOPE v1 保留/纳入需方法审查
从头	0	0	0	1	1	0	reference	自动生成；SCOPE v1 保留/纳入需方法审查
从宽	0	0	0	1	1	0	reference	自动生成；SCOPE v1 保留/纳入需方法审查
从小	0	0	0	1	1	0	reference	自动生成；SCOPE v1 保留/纳入需方法审查
从新	0	0	0	1	1	0	reference	自动生成；SCOPE v1 保留/纳入需方法审查
从无到有	0	0	0	1	1	0	reference	自动生成；SCOPE v1 保留/纳入需方法审查
从早到晚	0	0	0	1	1	0	reference	自动生成；SCOPE v1 保留/纳入需方法审查
从未	0	0	0	1	1	0	reference	自动生成；SCOPE v1 保留/纳入需方法审查
从来	0	0	0	1	1	0	reference	自动生成；SCOPE v1 保留/纳入需方法审查
从此	1	0	0	1	2	0	reference	自动生成；SCOPE v1 保留/纳入需方法审查
从此以后	0	0	0	1	1	0	reference	自动生成；SCOPE v1 保留/纳入需方法审查
从而	1	1	1	1	4	0	reference	自动生成；SCOPE v1 保留/纳入需方法审查
从轻	0	0	0	1	1	0	reference	自动生成；SCOPE v1 保留/纳入需方法审查
从速	0	0	0	1	1	0	reference	自动生成；SCOPE v1 保留/纳入需方法审查
从重	0	0	0	1	1	0	reference	自动生成；SCOPE v1 保留/纳入需方法审查
他	1	1	1	1	4	0	reference	自动生成；SCOPE v1 保留/纳入需方法审查
他人	1	1	1	1	4	0	reference	自动生成；SCOPE v1 保留/纳入需方法审查
他们	1	1	1	1	4	1	reference	自动生成；SCOPE v1 保留/纳入需方法审查
他是	0	0	0	1	1	0	reference	自动生成；SCOPE v1 保留/纳入需方法审查
他的	0	0	1	0	1	0	reference	自动生成；SCOPE v1 保留/纳入需方法审查
代替	0	0	1	0	1	0	reference	自动生成；SCOPE v1 保留/纳入需方法审查
以	1	1	1	0	3	1	reference	自动生成；SCOPE v1 保留/纳入需方法审查
以上	1	0	1	0	2	0	reference	自动生成；SCOPE v1 保留/纳入需方法审查
以下	0	0	1	0	1	0	reference	自动生成；SCOPE v1 保留/纳入需方法审查
以为	1	0	1	0	2	0	reference	自动生成；SCOPE v1 保留/纳入需方法审查
以便	1	1	1	1	4	0	reference	自动生成；SCOPE v1 保留/纳入需方法审查
以免	1	1	1	1	4	0	reference	自动生成；SCOPE v1 保留/纳入需方法审查
以前	0	0	1	0	1	0	reference	自动生成；SCOPE v1 保留/纳入需方法审查
以及	1	1	1	1	4	1	reference	自动生成；SCOPE v1 保留/纳入需方法审查
以后	0	0	1	0	1	0	reference	自动生成；SCOPE v1 保留/纳入需方法审查
以外	0	0	1	0	1	0	reference	自动生成；SCOPE v1 保留/纳入需方法审查
以後	0	0	1	0	1	0	reference	自动生成；SCOPE v1 保留/纳入需方法审查
以故	1	0	0	0	1	0	reference	自动生成；SCOPE v1 保留/纳入需方法审查
以期	1	0	0	0	1	0	reference	自动生成；SCOPE v1 保留/纳入需方法审查
以来	1	0	1	0	2	0	reference	自动生成；SCOPE v1 保留/纳入需方法审查
以至	1	1	1	1	4	0	reference	自动生成；SCOPE v1 保留/纳入需方法审查
以至于	1	1	1	1	4	0	reference	自动生成；SCOPE v1 保留/纳入需方法审查
以致	1	1	1	1	4	0	reference	自动生成；SCOPE v1 保留/纳入需方法审查
们	1	1	1	1	4	0	reference	自动生成；SCOPE v1 保留/纳入需方法审查
任	1	1	1	0	3	0	reference	自动生成；SCOPE v1 保留/纳入需方法审查
任何	1	1	1	1	4	0	reference	自动生成；SCOPE v1 保留/纳入需方法审查
任凭	1	1	1	1	4	0	reference	自动生成；SCOPE v1 保留/纳入需方法审查
任务	0	0	1	0	1	0	reference	自动生成；SCOPE v1 保留/纳入需方法审查
企图	0	0	1	0	1	0	reference	自动生成；SCOPE v1 保留/纳入需方法审查
伙同	0	0	0	1	1	0	reference	自动生成；SCOPE v1 保留/纳入需方法审查
会	0	0	0	1	1	0	reference	自动生成；SCOPE v1 保留/纳入需方法审查
伟大	0	0	1	0	1	0	reference	自动生成；SCOPE v1 保留/纳入需方法审查
传说	0	0	0	1	1	0	reference	自动生成；SCOPE v1 保留/纳入需方法审查
传闻	0	0	0	1	1	0	reference	自动生成；SCOPE v1 保留/纳入需方法审查
似乎	0	0	1	0	1	0	reference	自动生成；SCOPE v1 保留/纳入需方法审查
似的	1	1	1	1	4	0	reference	自动生成；SCOPE v1 保留/纳入需方法审查
但	1	1	1	0	3	1	reference	自动生成；SCOPE v1 保留/纳入需方法审查
但凡	1	0	0	0	1	0	reference	自动生成；SCOPE v1 保留/纳入需方法审查
但愿	0	0	0	1	1	0	reference	自动生成；SCOPE v1 保留/纳入需方法审查
但是	1	1	1	1	4	0	reference	自动生成；SCOPE v1 保留/纳入需方法审查
何	1	1	1	0	3	0	reference	自动生成；SCOPE v1 保留/纳入需方法审查
何乐而不为	0	0	0	1	1	0	reference	自动生成；SCOPE v1 保留/纳入需方法审查
何以	1	0	0	0	1	0	reference	自动生成；SCOPE v1 保留/纳入需方法审查
何况	1	1	1	1	4	0	reference	自动生成；SCOPE v1 保留/纳入需方法审查
何处	1	1	1	1	4	0	reference	自动生成；SCOPE v1 保留/纳入需方法审查
何妨	0	0	0	1	1	0	reference	自动生成；SCOPE v1 保留/纳入需方法审查
何尝	0	0	0	1	1	0	reference	自动生成；SCOPE v1 保留/纳入需方法审查
何必	0	0	0	1	1	0	reference	自动生成；SCOPE v1 保留/纳入需方法审查
何时	1	1	1	1	4	0	reference	自动生成；SCOPE v1 保留/纳入需方法审查
何止	0	0	0	1	1	0	reference	自动生成；SCOPE v1 保留/纳入需方法审查
何苦	0	0	0	1	1	0	reference	自动生成；SCOPE v1 保留/纳入需方法审查
何须	0	0	0	1	1	0	reference	自动生成；SCOPE v1 保留/纳入需方法审查
余外	1	0	0	0	1	0	reference	自动生成；SCOPE v1 保留/纳入需方法审查
作为	1	1	1	1	4	1	reference	自动生成；SCOPE v1 保留/纳入需方法审查
你	1	1	1	1	4	0	reference	自动生成；SCOPE v1 保留/纳入需方法审查
你们	1	1	1	1	4	1	reference	自动生成；SCOPE v1 保留/纳入需方法审查
你是	0	0	0	1	1	0	reference	自动生成；SCOPE v1 保留/纳入需方法审查
你的	0	0	1	0	1	0	reference	自动生成；SCOPE v1 保留/纳入需方法审查
使	1	0	0	0	1	0	reference	自动生成；SCOPE v1 保留/纳入需方法审查
使得	1	1	1	1	4	0	reference	自动生成；SCOPE v1 保留/纳入需方法审查
使用	0	0	1	0	1	0	reference	自动生成；SCOPE v1 保留/纳入需方法审查
例如	1	1	1	1	4	1	reference	自动生成；SCOPE v1 保留/纳入需方法审查
依	1	1	1	0	3	0	reference	自动生成；SCOPE v1 保留/纳入需方法审查
依据	1	0	0	0	1	0	reference	自动生成；SCOPE v1 保留/纳入需方法审查
依照	1	1	1	1	4	0	reference	自动生成；SCOPE v1 保留/纳入需方法审查
依靠	0	0	1	0	1	0	reference	自动生成；SCOPE v1 保留/纳入需方法审查
便于	1	0	0	0	1	0	reference	自动生成；SCOPE v1 保留/纳入需方法审查
促进	0	0	1	0	1	0	reference	自动生成；SCOPE v1 保留/纳入需方法审查
保持	0	0	1	0	1	0	reference	自动生成；SCOPE v1 保留/纳入需方法审查
俺	1	1	1	1	4	0	reference	自动生成；SCOPE v1 保留/纳入需方法审查
俺们	1	1	1	1	4	0	reference	自动生成；SCOPE v1 保留/纳入需方法审查
倍加	0	0	0	1	1	0	reference	自动生成；SCOPE v1 保留/纳入需方法审查
倍感	0	0	0	1	1	0	reference	自动生成；SCOPE v1 保留/纳入需方法审查
倒不如	0	0	0	1	1	0	reference	自动生成；SCOPE v1 保留/纳入需方法审查
倒不如说	0	0	0	1	1	0	reference	自动生成；SCOPE v1 保留/纳入需方法审查
倒是	0	0	0	1	1	0	reference	自动生成；SCOPE v1 保留/纳入需方法审查
倘	1	1	1	0	3	0	reference	自动生成；SCOPE v1 保留/纳入需方法审查
倘使	1	1	1	1	4	0	reference	自动生成；SCOPE v1 保留/纳入需方法审查
倘或	1	1	1	1	4	0	reference	自动生成；SCOPE v1 保留/纳入需方法审查
倘然	1	1	1	1	4	0	reference	自动生成；SCOPE v1 保留/纳入需方法审查
倘若	1	1	1	1	4	0	reference	自动生成；SCOPE v1 保留/纳入需方法审查
借	1	1	0	0	2	0	reference	自动生成；SCOPE v1 保留/纳入需方法审查
借以	0	0	0	1	1	0	reference	自动生成；SCOPE v1 保留/纳入需方法审查
借此	0	0	0	1	1	0	reference	自动生成；SCOPE v1 保留/纳入需方法审查
假使	1	1	1	1	4	0	reference	自动生成；SCOPE v1 保留/纳入需方法审查
假如	1	1	1	1	4	0	reference	自动生成；SCOPE v1 保留/纳入需方法审查
假若	1	1	1	1	4	0	reference	自动生成；SCOPE v1 保留/纳入需方法审查
偏偏	0	0	0	1	1	0	reference	自动生成；SCOPE v1 保留/纳入需方法审查
做到	0	0	1	0	1	0	reference	自动生成；SCOPE v1 保留/纳入需方法审查
偶尔	0	0	0	1	1	0	reference	自动生成；SCOPE v1 保留/纳入需方法审查
偶而	0	0	0	1	1	0	reference	自动生成；SCOPE v1 保留/纳入需方法审查
傥然	1	0	0	0	1	0	reference	自动生成；SCOPE v1 保留/纳入需方法审查
像	1	1	1	0	3	0	reference	自动生成；SCOPE v1 保留/纳入需方法审查
儿	1	0	0	0	1	0	reference	自动生成；SCOPE v1 保留/纳入需方法审查
允许	0	0	1	0	1	0	reference	自动生成；SCOPE v1 保留/纳入需方法审查
元／吨	0	1	0	0	1	0	reference	自动生成；SCOPE v1 保留/纳入需方法审查
充其极	0	0	0	1	1	0	reference	自动生成；SCOPE v1 保留/纳入需方法审查
充其量	0	0	0	1	1	0	reference	自动生成；SCOPE v1 保留/纳入需方法审查
充分	0	0	1	1	2	0	reference	自动生成；SCOPE v1 保留/纳入需方法审查
先不先	1	0	0	0	1	0	reference	自动生成；SCOPE v1 保留/纳入需方法审查
先后	0	0	1	0	1	0	reference	自动生成；SCOPE v1 保留/纳入需方法审查
先後	0	0	1	0	1	0	reference	自动生成；SCOPE v1 保留/纳入需方法审查
先生	0	0	1	0	1	0	reference	自动生成；SCOPE v1 保留/纳入需方法审查
光是	1	0	0	1	2	0	reference	自动生成；SCOPE v1 保留/纳入需方法审查
全体	1	0	0	0	1	0	reference	自动生成；SCOPE v1 保留/纳入需方法审查
全力	0	0	0	1	1	0	reference	自动生成；SCOPE v1 保留/纳入需方法审查
全年	0	0	0	1	1	0	reference	自动生成；SCOPE v1 保留/纳入需方法审查
全然	0	0	0	1	1	0	reference	自动生成；SCOPE v1 保留/纳入需方法审查
全身心	0	0	0	1	1	0	reference	自动生成；SCOPE v1 保留/纳入需方法审查
全部	1	0	1	0	2	0	reference	自动生成；SCOPE v1 保留/纳入需方法审查
全都	0	0	0	1	1	0	reference	自动生成；SCOPE v1 保留/纳入需方法审查
全面	0	0	1	0	1	0	reference	自动生成；SCOPE v1 保留/纳入需方法审查
八成	0	0	0	1	1	0	reference	自动生成；SCOPE v1 保留/纳入需方法审查
公然	0	0	0	1	1	0	reference	自动生成；SCOPE v1 保留/纳入需方法审查
兮	1	1	1	0	3	0	reference	自动生成；SCOPE v1 保留/纳入需方法审查
共同	0	0	1	0	1	0	reference	自动生成；SCOPE v1 保留/纳入需方法审查
共总	0	0	0	1	1	0	reference	自动生成；SCOPE v1 保留/纳入需方法审查
关于	1	1	1	1	4	1	reference	自动生成；SCOPE v1 保留/纳入需方法审查
其	1	1	1	0	3	0	reference	自动生成；SCOPE v1 保留/纳入需方法审查
其一	1	1	1	1	4	0	reference	自动生成；SCOPE v1 保留/纳入需方法审查
其中	1	1	1	1	4	1	reference	自动生成；SCOPE v1 保留/纳入需方法审查
其二	1	1	1	1	4	0	reference	自动生成；SCOPE v1 保留/纳入需方法审查
其他	1	1	1	1	4	0	reference	自动生成；SCOPE v1 保留/纳入需方法审查
其余	1	1	1	1	4	0	reference	自动生成；SCOPE v1 保留/纳入需方法审查
其后	0	0	0	1	1	0	reference	自动生成；SCOPE v1 保留/纳入需方法审查
其它	1	1	1	1	4	0	reference	自动生成；SCOPE v1 保留/纳入需方法审查
其实	0	0	1	1	2	0	reference	自动生成；SCOPE v1 保留/纳入需方法审查
其次	1	1	1	1	4	0	reference	自动生成；SCOPE v1 保留/纳入需方法审查
具体	0	0	1	0	1	0	reference	自动生成；SCOPE v1 保留/纳入需方法审查
具体地说	1	1	1	1	4	0	reference	自动生成；SCOPE v1 保留/纳入需方法审查
具体来说	0	0	0	1	1	0	reference	自动生成；SCOPE v1 保留/纳入需方法审查
具体说来	1	1	1	1	4	0	reference	自动生成；SCOPE v1 保留/纳入需方法审查
具有	0	0	1	0	1	0	reference	自动生成；SCOPE v1 保留/纳入需方法审查
兼之	1	0	0	0	1	0	reference	自动生成；SCOPE v1 保留/纳入需方法审查
内	1	0	0	0	1	0	reference	自动生成；SCOPE v1 保留/纳入需方法审查
再	1	0	0	0	1	0	reference	自动生成；SCOPE v1 保留/纳入需方法审查
再其次	1	0	0	0	1	0	reference	自动生成；SCOPE v1 保留/纳入需方法审查
再则	1	0	0	0	1	0	reference	自动生成；SCOPE v1 保留/纳入需方法审查
再有	1	0	0	0	1	0	reference	自动生成；SCOPE v1 保留/纳入需方法审查
再次	0	0	0	1	1	0	reference	自动生成；SCOPE v1 保留/纳入需方法审查
再者	1	1	1	1	4	0	reference	自动生成；SCOPE v1 保留/纳入需方法审查
再者说	1	0	0	0	1	0	reference	自动生成；SCOPE v1 保留/纳入需方法审查
再说	1	1	1	1	4	0	reference	自动生成；SCOPE v1 保留/纳入需方法审查
冒	1	1	1	0	3	0	reference	自动生成；SCOPE v1 保留/纳入需方法审查
冲	1	1	1	0	3	0	reference	自动生成；SCOPE v1 保留/纳入需方法审查
决不	0	0	0	1	1	0	reference	自动生成；SCOPE v1 保留/纳入需方法审查
决定	0	0	1	0	1	0	reference	自动生成；SCOPE v1 保留/纳入需方法审查
决非	0	0	0	1	1	0	reference	自动生成；SCOPE v1 保留/纳入需方法审查
况且	1	1	1	1	4	0	reference	自动生成；SCOPE v1 保留/纳入需方法审查
准备	0	0	1	0	1	0	reference	自动生成；SCOPE v1 保留/纳入需方法审查
凑巧	0	0	0	1	1	0	reference	自动生成；SCOPE v1 保留/纳入需方法审查
凝神	0	0	0	1	1	0	reference	自动生成；SCOPE v1 保留/纳入需方法审查
几	1	1	1	0	3	0	reference	自动生成；SCOPE v1 保留/纳入需方法审查
几乎	0	0	1	1	2	0	reference	自动生成；SCOPE v1 保留/纳入需方法审查
几度	0	0	0	1	1	0	reference	自动生成；SCOPE v1 保留/纳入需方法审查
几时	1	1	1	1	4	0	reference	自动生成；SCOPE v1 保留/纳入需方法审查
几番	0	0	0	1	1	0	reference	自动生成；SCOPE v1 保留/纳入需方法审查
几经	0	0	0	1	1	0	reference	自动生成；SCOPE v1 保留/纳入需方法审查
凡	1	0	0	0	1	0	reference	自动生成；SCOPE v1 保留/纳入需方法审查
凡是	1	0	0	0	1	0	reference	自动生成；SCOPE v1 保留/纳入需方法审查
凭	1	1	1	0	3	0	reference	自动生成；SCOPE v1 保留/纳入需方法审查
凭借	1	1	1	1	4	0	reference	自动生成；SCOPE v1 保留/纳入需方法审查
出于	1	0	0	0	1	0	reference	自动生成；SCOPE v1 保留/纳入需方法审查
出去	0	0	1	1	2	0	reference	自动生成；SCOPE v1 保留/纳入需方法审查
出来	1	0	1	1	3	0	reference	自动生成；SCOPE v1 保留/纳入需方法审查
出现	0	0	1	0	1	1	reference	自动生成；SCOPE v1 保留/纳入需方法审查
分别	1	0	1	0	2	0	reference	自动生成；SCOPE v1 保留/纳入需方法审查
分头	0	0	0	1	1	0	reference	自动生成；SCOPE v1 保留/纳入需方法审查
分期分批	0	0	0	1	1	0	reference	自动生成；SCOPE v1 保留/纳入需方法审查
切不可	0	0	0	1	1	0	reference	自动生成；SCOPE v1 保留/纳入需方法审查
切切	0	0	0	1	1	0	reference	自动生成；SCOPE v1 保留/纳入需方法审查
切勿	0	0	0	1	1	0	reference	自动生成；SCOPE v1 保留/纳入需方法审查
切莫	0	0	0	1	1	0	reference	自动生成；SCOPE v1 保留/纳入需方法审查
则	1	1	1	0	3	0	reference	自动生成；SCOPE v1 保留/纳入需方法审查
则甚	1	0	0	0	1	0	reference	自动生成；SCOPE v1 保留/纳入需方法审查
刚好	0	0	0	1	1	0	reference	自动生成；SCOPE v1 保留/纳入需方法审查
刚巧	0	0	0	1	1	0	reference	自动生成；SCOPE v1 保留/纳入需方法审查
刚才	0	0	0	1	1	0	reference	自动生成；SCOPE v1 保留/纳入需方法审查
别	1	1	1	1	4	0	reference	自动生成；SCOPE v1 保留/纳入需方法审查
别人	1	0	0	1	2	0	reference	自动生成；SCOPE v1 保留/纳入需方法审查
别处	1	0	0	0	1	0	reference	自动生成；SCOPE v1 保留/纳入需方法审查
别是	1	0	0	0	1	0	reference	自动生成；SCOPE v1 保留/纳入需方法审查
别的	1	1	1	1	4	0	reference	自动生成；SCOPE v1 保留/纳入需方法审查
别管	1	0	0	0	1	0	reference	自动生成；SCOPE v1 保留/纳入需方法审查
别说	1	1	1	1	4	0	reference	自动生成；SCOPE v1 保留/纳入需方法审查
到	1	1	1	0	3	1	reference	自动生成；SCOPE v1 保留/纳入需方法审查
到了儿	0	0	0	1	1	0	reference	自动生成；SCOPE v1 保留/纳入需方法审查
到处	0	0	0	1	1	0	reference	自动生成；SCOPE v1 保留/纳入需方法审查
到头	0	0	0	1	1	0	reference	自动生成；SCOPE v1 保留/纳入需方法审查
到头来	0	0	0	1	1	0	reference	自动生成；SCOPE v1 保留/纳入需方法审查
到底	0	0	0	1	1	0	reference	自动生成；SCOPE v1 保留/纳入需方法审查
到目前为止	0	0	0	1	1	0	reference	自动生成；SCOPE v1 保留/纳入需方法审查
前后	1	1	1	1	4	0	reference	自动生成；SCOPE v1 保留/纳入需方法审查
前此	1	0	0	0	1	0	reference	自动生成；SCOPE v1 保留/纳入需方法审查
前者	1	1	1	1	4	0	reference	自动生成；SCOPE v1 保留/纳入需方法审查
前进	0	0	1	0	1	0	reference	自动生成；SCOPE v1 保留/纳入需方法审查
前面	0	0	1	0	1	0	reference	自动生成；SCOPE v1 保留/纳入需方法审查
加上	0	0	0	1	1	0	reference	自动生成；SCOPE v1 保留/纳入需方法审查
加之	1	1	1	1	4	0	reference	自动生成；SCOPE v1 保留/纳入需方法审查
加以	1	0	1	1	3	0	reference	自动生成；SCOPE v1 保留/纳入需方法审查
加入	0	0	1	0	1	0	reference	自动生成；SCOPE v1 保留/纳入需方法审查
加强	0	0	1	0	1	0	reference	自动生成；SCOPE v1 保留/纳入需方法审查
动不动	0	0	0	1	1	0	reference	自动生成；SCOPE v1 保留/纳入需方法审查
动辄	0	0	0	1	1	0	reference	自动生成；SCOPE v1 保留/纳入需方法审查
勃然	0	0	0	1	1	0	reference	自动生成；SCOPE v1 保留/纳入需方法审查
匆匆	0	0	0	1	1	0	reference	自动生成；SCOPE v1 保留/纳入需方法审查
十分	0	0	1	0	1	0	reference	自动生成；SCOPE v1 保留/纳入需方法审查
千万千万	0	0	0	1	1	0	reference	自动生成；SCOPE v1 保留/纳入需方法审查
单单	0	0	0	1	1	0	reference	自动生成；SCOPE v1 保留/纳入需方法审查
单纯	0	0	0	1	1	0	reference	自动生成；SCOPE v1 保留/纳入需方法审查
即	1	1	1	0	3	0	reference	自动生成；SCOPE v1 保留/纳入需方法审查
即令	1	1	1	1	4	0	reference	自动生成；SCOPE v1 保留/纳入需方法审查
即使	1	1	1	1	4	0	reference	自动生成；SCOPE v1 保留/纳入需方法审查
即便	1	1	1	1	4	0	reference	自动生成；SCOPE v1 保留/纳入需方法审查
即刻	0	0	0	1	1	0	reference	自动生成；SCOPE v1 保留/纳入需方法审查
即如	1	0	0	0	1	0	reference	自动生成；SCOPE v1 保留/纳入需方法审查
即将	0	0	0	1	1	0	reference	自动生成；SCOPE v1 保留/纳入需方法审查
即或	1	1	1	1	4	0	reference	自动生成；SCOPE v1 保留/纳入需方法审查
即是说	0	0	0	1	1	0	reference	自动生成；SCOPE v1 保留/纳入需方法审查
即若	1	1	1	1	4	0	reference	自动生成；SCOPE v1 保留/纳入需方法审查
却	1	0	0	0	1	0	reference	自动生成；SCOPE v1 保留/纳入需方法审查
却不	0	0	1	0	1	0	reference	自动生成；SCOPE v1 保留/纳入需方法审查
原来	0	0	1	0	1	0	reference	自动生成；SCOPE v1 保留/纳入需方法审查
去	1	0	0	0	1	0	reference	自动生成；SCOPE v1 保留/纳入需方法审查
又	1	1	1	0	3	1	reference	自动生成；SCOPE v1 保留/纳入需方法审查
又及	1	0	0	0	1	0	reference	自动生成；SCOPE v1 保留/纳入需方法审查
及	1	1	1	1	4	1	reference	自动生成；SCOPE v1 保留/纳入需方法审查
及其	1	1	1	1	4	0	reference	自动生成；SCOPE v1 保留/纳入需方法审查
及时	0	0	1	0	1	0	reference	自动生成；SCOPE v1 保留/纳入需方法审查
及至	1	1	1	1	4	0	reference	自动生成；SCOPE v1 保留/纳入需方法审查
双方	0	0	1	0	1	0	reference	自动生成；SCOPE v1 保留/纳入需方法审查
反之	1	1	1	1	4	0	reference	自动生成；SCOPE v1 保留/纳入需方法审查
反之亦然	0	0	0	1	1	0	reference	自动生成；SCOPE v1 保留/纳入需方法审查
反之则	0	0	0	1	1	0	reference	自动生成；SCOPE v1 保留/纳入需方法审查
反倒	0	0	0	1	1	0	reference	自动生成；SCOPE v1 保留/纳入需方法审查
反倒是	0	0	0	1	1	0	reference	自动生成；SCOPE v1 保留/纳入需方法审查
反应	0	0	1	0	1	0	reference	自动生成；SCOPE v1 保留/纳入需方法审查
反手	0	0	0	1	1	0	reference	自动生成；SCOPE v1 保留/纳入需方法审查
反映	0	0	1	0	1	0	reference	自动生成；SCOPE v1 保留/纳入需方法审查
反而	1	0	0	1	2	0	reference	自动生成；SCOPE v1 保留/纳入需方法审查
反过来	1	1	1	1	4	0	reference	自动生成；SCOPE v1 保留/纳入需方法审查
反过来说	1	1	1	1	4	0	reference	自动生成；SCOPE v1 保留/纳入需方法审查
取得	0	0	1	0	1	0	reference	自动生成；SCOPE v1 保留/纳入需方法审查
取道	0	0	0	1	1	0	reference	自动生成；SCOPE v1 保留/纳入需方法审查
受到	1	0	1	0	2	0	reference	自动生成；SCOPE v1 保留/纳入需方法审查
变成	0	0	1	0	1	0	reference	自动生成；SCOPE v1 保留/纳入需方法审查
另	1	1	1	0	3	0	reference	自动生成；SCOPE v1 保留/纳入需方法审查
另一个	0	0	0	1	1	0	reference	自动生成；SCOPE v1 保留/纳入需方法审查
另一方面	1	1	1	1	4	0	reference	自动生成；SCOPE v1 保留/纳入需方法审查
另外	1	1	1	1	4	0	reference	自动生成；SCOPE v1 保留/纳入需方法审查
另悉	1	0	0	0	1	0	reference	自动生成；SCOPE v1 保留/纳入需方法审查
另方面	0	0	0	1	1	0	reference	自动生成；SCOPE v1 保留/纳入需方法审查
另行	0	0	0	1	1	0	reference	自动生成；SCOPE v1 保留/纳入需方法审查
只	1	0	0	0	1	0	reference	自动生成；SCOPE v1 保留/纳入需方法审查
只当	1	0	0	0	1	0	reference	自动生成；SCOPE v1 保留/纳入需方法审查
只怕	1	0	0	0	1	0	reference	自动生成；SCOPE v1 保留/纳入需方法审查
只是	1	1	1	1	4	1	reference	自动生成；SCOPE v1 保留/纳入需方法审查
只有	1	1	1	1	4	0	reference	自动生成；SCOPE v1 保留/纳入需方法审查
只消	1	0	0	0	1	0	reference	自动生成；SCOPE v1 保留/纳入需方法审查
只要	1	1	1	1	4	0	reference	自动生成；SCOPE v1 保留/纳入需方法审查
只限	1	1	1	1	4	0	reference	自动生成；SCOPE v1 保留/纳入需方法审查
叫	1	1	1	0	3	0	reference	自动生成；SCOPE v1 保留/纳入需方法审查
叫做	0	0	1	0	1	0	reference	自动生成；SCOPE v1 保留/纳入需方法审查
召开	0	0	1	0	1	0	reference	自动生成；SCOPE v1 保留/纳入需方法审查
叮咚	1	1	1	1	4	0	reference	自动生成；SCOPE v1 保留/纳入需方法审查
可	1	1	1	0	3	0	reference	自动生成；SCOPE v1 保留/纳入需方法审查
可以	1	1	1	1	4	1	reference	自动生成；SCOPE v1 保留/纳入需方法审查
可好	0	0	0	1	1	0	reference	自动生成；SCOPE v1 保留/纳入需方法审查
可是	1	1	1	1	4	0	reference	自动生成；SCOPE v1 保留/纳入需方法审查
可能	0	0	1	1	2	1	reference	自动生成；SCOPE v1 保留/纳入需方法审查
可见	1	1	1	1	4	0	reference	自动生成；SCOPE v1 保留/纳入需方法审查
各	1	1	1	0	3	0	reference	自动生成；SCOPE v1 保留/纳入需方法审查
各个	1	1	1	1	4	0	reference	自动生成；SCOPE v1 保留/纳入需方法审查
各人	0	0	1	0	1	0	reference	自动生成；SCOPE v1 保留/纳入需方法审查
各位	1	1	1	1	4	0	reference	自动生成；SCOPE v1 保留/纳入需方法审查
各地	0	0	1	0	1	0	reference	自动生成；SCOPE v1 保留/纳入需方法审查
各式	0	0	0	1	1	0	reference	自动生成；SCOPE v1 保留/纳入需方法审查
各种	1	1	1	1	4	0	reference	自动生成；SCOPE v1 保留/纳入需方法审查
各级	0	0	1	0	1	0	reference	自动生成；SCOPE v1 保留/纳入需方法审查
各自	1	1	1	1	4	0	reference	自动生成；SCOPE v1 保留/纳入需方法审查
合理	0	0	1	0	1	0	reference	自动生成；SCOPE v1 保留/纳入需方法审查
同	1	1	1	0	3	0	reference	自动生成；SCOPE v1 保留/纳入需方法审查
同一	0	0	1	0	1	0	reference	自动生成；SCOPE v1 保留/纳入需方法审查
同时	1	1	1	1	4	0	reference	自动生成；SCOPE v1 保留/纳入需方法审查
同样	0	0	1	0	1	0	reference	自动生成；SCOPE v1 保留/纳入需方法审查
后	1	0	0	0	1	0	reference	自动生成；SCOPE v1 保留/纳入需方法审查
后来	0	0	1	1	2	0	reference	自动生成；SCOPE v1 保留/纳入需方法审查
后者	1	0	0	0	1	0	reference	自动生成；SCOPE v1 保留/纳入需方法审查
后面	0	0	1	0	1	0	reference	自动生成；SCOPE v1 保留/纳入需方法审查
向	1	1	1	0	3	1	reference	自动生成；SCOPE v1 保留/纳入需方法审查
向使	1	0	0	0	1	0	reference	自动生成；SCOPE v1 保留/纳入需方法审查
向着	1	1	1	1	4	0	reference	自动生成；SCOPE v1 保留/纳入需方法审查
吓	1	1	1	0	3	0	reference	自动生成；SCOPE v1 保留/纳入需方法审查
吗	1	1	1	0	3	0	reference	自动生成；SCOPE v1 保留/纳入需方法审查
否则	1	1	1	1	4	0	reference	自动生成；SCOPE v1 保留/纳入需方法审查
吧	1	1	1	1	4	0	reference	自动生成；SCOPE v1 保留/纳入需方法审查
吧哒	1	1	1	1	4	0	reference	自动生成；SCOPE v1 保留/纳入需方法审查
吱	1	1	1	0	3	0	reference	自动生成；SCOPE v1 保留/纳入需方法审查
呀	1	1	1	0	3	0	reference	自动生成；SCOPE v1 保留/纳入需方法审查
呃	1	1	1	0	3	0	reference	自动生成；SCOPE v1 保留/纳入需方法审查
呆呆地	0	0	0	1	1	0	reference	自动生成；SCOPE v1 保留/纳入需方法审查
呕	1	1	1	0	3	0	reference	自动生成；SCOPE v1 保留/纳入需方法审查
呗	1	1	1	0	3	0	reference	自动生成；SCOPE v1 保留/纳入需方法审查
呜	1	1	1	0	3	0	reference	自动生成；SCOPE v1 保留/纳入需方法审查
呜呼	1	1	1	1	4	0	reference	自动生成；SCOPE v1 保留/纳入需方法审查
呢	1	1	1	0	3	0	reference	自动生成；SCOPE v1 保留/纳入需方法审查
周围	0	0	1	0	1	0	reference	自动生成；SCOPE v1 保留/纳入需方法审查
呵	1	1	1	0	3	0	reference	自动生成；SCOPE v1 保留/纳入需方法审查
呵呵	1	0	0	0	1	0	reference	自动生成；SCOPE v1 保留/纳入需方法审查
呸	1	1	1	0	3	0	reference	自动生成；SCOPE v1 保留/纳入需方法审查
呼哧	1	1	1	1	4	0	reference	自动生成；SCOPE v1 保留/纳入需方法审查
呼啦	0	0	0	1	1	0	reference	自动生成；SCOPE v1 保留/纳入需方法审查
咋	1	1	1	0	3	0	reference	自动生成；SCOPE v1 保留/纳入需方法审查
和	1	1	1	0	3	1	reference	自动生成；SCOPE v1 保留/纳入需方法审查
咚	1	1	1	0	3	0	reference	自动生成；SCOPE v1 保留/纳入需方法审查
咦	1	1	1	0	3	0	reference	自动生成；SCOPE v1 保留/纳入需方法审查
咧	1	0	0	0	1	0	reference	自动生成；SCOPE v1 保留/纳入需方法审查
咱	1	1	1	0	3	0	reference	自动生成；SCOPE v1 保留/纳入需方法审查
咱们	1	1	1	1	4	0	reference	自动生成；SCOPE v1 保留/纳入需方法审查
咳	1	1	1	0	3	0	reference	自动生成；SCOPE v1 保留/纳入需方法审查
哇	1	1	1	0	3	0	reference	自动生成；SCOPE v1 保留/纳入需方法审查
哈	1	1	1	0	3	0	reference	自动生成；SCOPE v1 保留/纳入需方法审查
哈哈	1	1	1	1	4	0	reference	自动生成；SCOPE v1 保留/纳入需方法审查
哉	1	1	1	0	3	0	reference	自动生成；SCOPE v1 保留/纳入需方法审查
哎	1	1	1	1	4	0	reference	自动生成；SCOPE v1 保留/纳入需方法审查
哎呀	1	1	1	1	4	0	reference	自动生成；SCOPE v1 保留/纳入需方法审查
哎哟	1	1	1	1	4	0	reference	自动生成；SCOPE v1 保留/纳入需方法审查
哗	1	1	1	0	3	0	reference	自动生成；SCOPE v1 保留/纳入需方法审查
哗啦	0	0	0	1	1	0	reference	自动生成；SCOPE v1 保留/纳入需方法审查
哟	1	1	1	0	3	0	reference	自动生成；SCOPE v1 保留/纳入需方法审查
哦	1	1	1	1	4	0	reference	自动生成；SCOPE v1 保留/纳入需方法审查
哩	1	1	1	0	3	0	reference	自动生成；SCOPE v1 保留/纳入需方法审查
哪	1	1	1	0	3	0	reference	自动生成；SCOPE v1 保留/纳入需方法审查
哪个	1	1	1	1	4	1	reference	自动生成；SCOPE v1 保留/纳入需方法审查
哪些	1	1	1	1	4	1	reference	自动生成；SCOPE v1 保留/纳入需方法审查
哪儿	1	1	1	1	4	0	reference	自动生成；SCOPE v1 保留/纳入需方法审查
哪天	1	1	1	1	4	0	reference	自动生成；SCOPE v1 保留/纳入需方法审查
哪年	1	1	1	1	4	0	reference	自动生成；SCOPE v1 保留/纳入需方法审查
哪怕	1	1	1	1	4	0	reference	自动生成；SCOPE v1 保留/纳入需方法审查
哪样	1	1	1	1	4	0	reference	自动生成；SCOPE v1 保留/纳入需方法审查
哪边	1	1	1	1	4	0	reference	自动生成；SCOPE v1 保留/纳入需方法审查
哪里	1	1	1	1	4	0	reference	自动生成；SCOPE v1 保留/纳入需方法审查
哼	1	1	1	0	3	0	reference	自动生成；SCOPE v1 保留/纳入需方法审查
哼唷	1	1	1	1	4	0	reference	自动生成；SCOPE v1 保留/纳入需方法审查
唉	1	1	1	1	4	0	reference	自动生成；SCOPE v1 保留/纳入需方法审查
唯有	1	0	0	0	1	0	reference	自动生成；SCOPE v1 保留/纳入需方法审查
啊	1	1	1	1	4	0	reference	自动生成；SCOPE v1 保留/纳入需方法审查
啊呀	0	0	0	1	1	0	reference	自动生成；SCOPE v1 保留/纳入需方法审查
啊哈	0	0	0	1	1	0	reference	自动生成；SCOPE v1 保留/纳入需方法审查
啊哟	0	0	0	1	1	0	reference	自动生成；SCOPE v1 保留/纳入需方法审查
啐	1	1	1	0	3	0	reference	自动生成；SCOPE v1 保留/纳入需方法审查
啥	1	1	1	0	3	0	reference	自动生成；SCOPE v1 保留/纳入需方法审查
啦	1	1	1	1	4	0	reference	自动生成；SCOPE v1 保留/纳入需方法审查
啪达	1	1	1	1	4	0	reference	自动生成；SCOPE v1 保留/纳入需方法审查
啷当	1	0	0	0	1	0	reference	自动生成；SCOPE v1 保留/纳入需方法审查
喂	1	1	1	0	3	0	reference	自动生成；SCOPE v1 保留/纳入需方法审查
喏	1	1	1	0	3	0	reference	自动生成；SCOPE v1 保留/纳入需方法审查
喔唷	1	1	1	1	4	0	reference	自动生成；SCOPE v1 保留/纳入需方法审查
喽	1	0	0	0	1	0	reference	自动生成；SCOPE v1 保留/纳入需方法审查
嗡	1	0	0	0	1	0	reference	自动生成；SCOPE v1 保留/纳入需方法审查
嗡嗡	1	1	1	1	4	0	reference	自动生成；SCOPE v1 保留/纳入需方法审查
嗬	1	1	1	0	3	0	reference	自动生成；SCOPE v1 保留/纳入需方法审查
嗯	1	1	1	0	3	0	reference	自动生成；SCOPE v1 保留/纳入需方法审查
嗳	1	1	1	0	3	0	reference	自动生成；SCOPE v1 保留/纳入需方法审查
嘎	1	1	1	0	3	0	reference	自动生成；SCOPE v1 保留/纳入需方法审查
嘎嘎	0	0	0	1	1	0	reference	自动生成；SCOPE v1 保留/纳入需方法审查
嘎登	1	1	1	1	4	0	reference	自动生成；SCOPE v1 保留/纳入需方法审查
嘘	1	1	1	0	3	0	reference	自动生成；SCOPE v1 保留/纳入需方法审查
嘛	1	1	1	0	3	0	reference	自动生成；SCOPE v1 保留/纳入需方法审查
嘻	1	1	1	0	3	0	reference	自动生成；SCOPE v1 保留/纳入需方法审查
嘿	1	1	1	1	4	0	reference	自动生成；SCOPE v1 保留/纳入需方法审查
嘿嘿	1	0	0	0	1	0	reference	自动生成；SCOPE v1 保留/纳入需方法审查
因	1	1	1	0	3	0	reference	自动生成；SCOPE v1 保留/纳入需方法审查
因为	1	1	1	1	4	1	reference	自动生成；SCOPE v1 保留/纳入需方法审查
因了	1	0	0	0	1	0	reference	自动生成；SCOPE v1 保留/纳入需方法审查
因此	1	1	1	1	4	1	reference	自动生成；SCOPE v1 保留/纳入需方法审查
因着	1	0	0	0	1	0	reference	自动生成；SCOPE v1 保留/纳入需方法审查
因而	1	1	1	1	4	0	reference	自动生成；SCOPE v1 保留/纳入需方法审查
固然	1	1	1	1	4	0	reference	自动生成；SCOPE v1 保留/纳入需方法审查
在	1	1	1	0	3	1	reference	自动生成；SCOPE v1 保留/纳入需方法审查
在下	1	1	1	1	4	0	reference	自动生成；SCOPE v1 保留/纳入需方法审查
在于	1	0	0	0	1	0	reference	自动生成；SCOPE v1 保留/纳入需方法审查
地	1	1	1	0	3	0	reference	自动生成；SCOPE v1 保留/纳入需方法审查
坚决	0	0	1	0	1	0	reference	自动生成；SCOPE v1 保留/纳入需方法审查
坚持	0	0	1	0	1	0	reference	自动生成；SCOPE v1 保留/纳入需方法审查
基于	1	0	0	1	2	0	reference	自动生成；SCOPE v1 保留/纳入需方法审查
基本	0	0	1	1	2	0	reference	自动生成；SCOPE v1 保留/纳入需方法审查
基本上	0	0	0	1	1	0	reference	自动生成；SCOPE v1 保留/纳入需方法审查
处在	1	0	0	0	1	0	reference	自动生成；SCOPE v1 保留/纳入需方法审查
处处	0	0	0	1	1	0	reference	自动生成；SCOPE v1 保留/纳入需方法审查
处理	0	0	1	0	1	0	reference	自动生成；SCOPE v1 保留/纳入需方法审查
复杂	0	0	1	0	1	0	reference	自动生成；SCOPE v1 保留/纳入需方法审查
多	1	1	1	0	3	0	reference	自动生成；SCOPE v1 保留/纳入需方法审查
多么	1	0	0	0	1	0	reference	自动生成；SCOPE v1 保留/纳入需方法审查
多亏	0	0	0	1	1	0	reference	自动生成；SCOPE v1 保留/纳入需方法审查
多多	0	0	0	1	1	0	reference	自动生成；SCOPE v1 保留/纳入需方法审查
多多少少	0	0	0	1	1	0	reference	自动生成；SCOPE v1 保留/纳入需方法审查
多多益善	0	0	0	1	1	0	reference	自动生成；SCOPE v1 保留/纳入需方法审查
多少	1	1	1	1	4	0	reference	自动生成；SCOPE v1 保留/纳入需方法审查
多年前	0	0	0	1	1	0	reference	自动生成；SCOPE v1 保留/纳入需方法审查
多年来	0	0	0	1	1	0	reference	自动生成；SCOPE v1 保留/纳入需方法审查
多数	0	0	1	0	1	0	reference	自动生成；SCOPE v1 保留/纳入需方法审查
多次	0	0	1	1	2	0	reference	自动生成；SCOPE v1 保留/纳入需方法审查
够瞧的	0	0	0	1	1	0	reference	自动生成；SCOPE v1 保留/纳入需方法审查
大	1	0	0	0	1	0	reference	自动生成；SCOPE v1 保留/纳入需方法审查
大不了	0	0	0	1	1	0	reference	自动生成；SCOPE v1 保留/纳入需方法审查
大举	0	0	0	1	1	0	reference	自动生成；SCOPE v1 保留/纳入需方法审查
大体上	0	0	0	1	1	0	reference	自动生成；SCOPE v1 保留/纳入需方法审查
大凡	0	0	0	1	1	0	reference	自动生成；SCOPE v1 保留/纳入需方法审查
大力	0	0	1	0	1	0	reference	自动生成；SCOPE v1 保留/纳入需方法审查
大多	0	0	0	1	1	0	reference	自动生成；SCOPE v1 保留/纳入需方法审查
大多数	0	0	1	0	1	0	reference	自动生成；SCOPE v1 保留/纳入需方法审查
大大	0	0	1	1	2	0	reference	自动生成；SCOPE v1 保留/纳入需方法审查
大家	1	0	1	1	3	0	reference	自动生成；SCOPE v1 保留/纳入需方法审查
大张旗鼓	0	0	0	1	1	0	reference	自动生成；SCOPE v1 保留/纳入需方法审查
大批	0	0	1	0	1	0	reference	自动生成；SCOPE v1 保留/纳入需方法审查
大抵	0	0	0	1	1	0	reference	自动生成；SCOPE v1 保留/纳入需方法审查
大概	0	0	0	1	1	0	reference	自动生成；SCOPE v1 保留/纳入需方法审查
大略	0	0	0	1	1	0	reference	自动生成；SCOPE v1 保留/纳入需方法审查
大约	0	0	1	1	2	0	reference	自动生成；SCOPE v1 保留/纳入需方法审查
大致	0	0	0	1	1	0	reference	自动生成；SCOPE v1 保留/纳入需方法审查
大都	0	0	0	1	1	0	reference	自动生成；SCOPE v1 保留/纳入需方法审查
大量	0	0	1	0	1	0	reference	自动生成；SCOPE v1 保留/纳入需方法审查
大面儿上	0	0	0	1	1	0	reference	自动生成；SCOPE v1 保留/纳入需方法审查
失去	0	0	1	0	1	0	reference	自动生成；SCOPE v1 保留/纳入需方法审查
奋勇	0	0	0	1	1	0	reference	自动生成；SCOPE v1 保留/纳入需方法审查
她	1	1	1	1	4	0	reference	自动生成；SCOPE v1 保留/纳入需方法审查
她们	1	1	1	1	4	1	reference	自动生成；SCOPE v1 保留/纳入需方法审查
她是	0	0	0	1	1	0	reference	自动生成；SCOPE v1 保留/纳入需方法审查
她的	0	0	1	0	1	0	reference	自动生成；SCOPE v1 保留/纳入需方法审查
好	1	0	0	0	1	0	reference	自动生成；SCOPE v1 保留/纳入需方法审查
好在	0	0	0	1	1	0	reference	自动生成；SCOPE v1 保留/纳入需方法审查
好的	0	0	1	0	1	0	reference	自动生成；SCOPE v1 保留/纳入需方法审查
好象	0	0	1	0	1	0	reference	自动生成；SCOPE v1 保留/纳入需方法审查
如	1	1	1	0	3	0	reference	自动生成；SCOPE v1 保留/纳入需方法审查
如上	1	0	0	1	2	0	reference	自动生成；SCOPE v1 保留/纳入需方法审查
如上所述	1	1	1	1	4	0	reference	自动生成；SCOPE v1 保留/纳入需方法审查
如下	1	0	1	1	3	0	reference	自动生成；SCOPE v1 保留/纳入需方法审查
如今	0	0	0	1	1	0	reference	自动生成；SCOPE v1 保留/纳入需方法审查
如何	1	1	1	1	4	1	reference	自动生成；SCOPE v1 保留/纳入需方法审查
如其	1	1	1	1	4	0	reference	自动生成；SCOPE v1 保留/纳入需方法审查
如前所述	0	0	0	1	1	0	reference	自动生成；SCOPE v1 保留/纳入需方法审查
如同	1	0	0	0	1	0	reference	自动生成；SCOPE v1 保留/纳入需方法审查
如常	0	0	0	1	1	0	reference	自动生成；SCOPE v1 保留/纳入需方法审查
如是	1	0	0	0	1	0	reference	自动生成；SCOPE v1 保留/纳入需方法审查
如期	0	0	0	1	1	0	reference	自动生成；SCOPE v1 保留/纳入需方法审查
如果	1	1	1	1	4	1	reference	自动生成；SCOPE v1 保留/纳入需方法审查
如次	0	0	0	1	1	0	reference	自动生成；SCOPE v1 保留/纳入需方法审查
如此	1	1	1	1	4	0	reference	自动生成；SCOPE v1 保留/纳入需方法审查
如此等等	0	0	0	1	1	0	reference	自动生成；SCOPE v1 保留/纳入需方法审查
如若	1	1	1	1	4	0	reference	自动生成；SCOPE v1 保留/纳入需方法审查
始而	1	0	0	0	1	0	reference	自动生成；SCOPE v1 保留/纳入需方法审查
姑且	0	0	0	1	1	0	reference	自动生成；SCOPE v1 保留/纳入需方法审查
存在	0	0	1	0	1	0	reference	自动生成；SCOPE v1 保留/纳入需方法审查
存心	0	0	0	1	1	0	reference	自动生成；SCOPE v1 保留/纳入需方法审查
孰料	1	0	0	0	1	0	reference	自动生成；SCOPE v1 保留/纳入需方法审查
孰知	1	0	0	0	1	0	reference	自动生成；SCOPE v1 保留/纳入需方法审查
宁	1	1	1	0	3	0	reference	自动生成；SCOPE v1 保留/纳入需方法审查
宁可	1	1	1	1	4	0	reference	自动生成；SCOPE v1 保留/纳入需方法审查
宁愿	1	1	1	1	4	0	reference	自动生成；SCOPE v1 保留/纳入需方法审查
宁肯	1	1	1	1	4	0	reference	自动生成；SCOPE v1 保留/纳入需方法审查
它	1	1	1	1	4	0	reference	自动生成；SCOPE v1 保留/纳入需方法审查
它们	1	1	1	1	4	1	reference	自动生成；SCOPE v1 保留/纳入需方法审查
它们的	0	0	1	0	1	0	reference	自动生成；SCOPE v1 保留/纳入需方法审查
它是	0	0	0	1	1	0	reference	自动生成；SCOPE v1 保留/纳入需方法审查
它的	0	0	1	0	1	0	reference	自动生成；SCOPE v1 保留/纳入需方法审查
安全	0	0	1	0	1	0	reference	自动生成；SCOPE v1 保留/纳入需方法审查
完全	0	0	1	0	1	0	reference	自动生成；SCOPE v1 保留/纳入需方法审查
完成	0	0	1	0	1	0	reference	自动生成；SCOPE v1 保留/纳入需方法审查
实现	0	0	1	0	1	0	reference	自动生成；SCOPE v1 保留/纳入需方法审查
实际	0	0	1	0	1	0	reference	自动生成；SCOPE v1 保留/纳入需方法审查
宣布	0	0	1	0	1	0	reference	自动生成；SCOPE v1 保留/纳入需方法审查
容易	0	0	1	0	1	0	reference	自动生成；SCOPE v1 保留/纳入需方法审查
密切	0	0	1	0	1	0	reference	自动生成；SCOPE v1 保留/纳入需方法审查
对	1	1	1	0	3	1	reference	自动生成；SCOPE v1 保留/纳入需方法审查
对于	1	1	1	1	4	0	reference	自动生成；SCOPE v1 保留/纳入需方法审查
对应	0	0	1	0	1	0	reference	自动生成；SCOPE v1 保留/纳入需方法审查
对待	1	0	0	0	1	0	reference	自动生成；SCOPE v1 保留/纳入需方法审查
对方	1	0	0	0	1	0	reference	自动生成；SCOPE v1 保留/纳入需方法审查
对比	1	0	0	0	1	0	reference	自动生成；SCOPE v1 保留/纳入需方法审查
将	1	1	1	0	3	1	reference	自动生成；SCOPE v1 保留/纳入需方法审查
将才	0	0	0	1	1	0	reference	自动生成；SCOPE v1 保留/纳入需方法审查
将要	0	0	0	1	1	0	reference	自动生成；SCOPE v1 保留/纳入需方法审查
将近	0	0	0	1	1	0	reference	自动生成；SCOPE v1 保留/纳入需方法审查
小	1	0	0	0	1	0	reference	自动生成；SCOPE v1 保留/纳入需方法审查
少数	0	0	1	0	1	0	reference	自动生成；SCOPE v1 保留/纳入需方法审查
尔	1	0	0	0	1	0	reference	自动生成；SCOPE v1 保留/纳入需方法审查
尔后	1	1	1	1	4	0	reference	自动生成；SCOPE v1 保留/纳入需方法审查
尔尔	1	0	0	0	1	0	reference	自动生成；SCOPE v1 保留/纳入需方法审查
尔等	0	0	0	1	1	0	reference	自动生成；SCOPE v1 保留/纳入需方法审查
尚且	1	1	1	1	4	0	reference	自动生成；SCOPE v1 保留/纳入需方法审查
尤其	0	0	1	0	1	0	reference	自动生成；SCOPE v1 保留/纳入需方法审查
就	1	1	1	0	3	0	reference	自动生成；SCOPE v1 保留/纳入需方法审查
就地	0	0	0	1	1	0	reference	自动生成；SCOPE v1 保留/纳入需方法审查
就是	1	1	1	1	4	1	reference	自动生成；SCOPE v1 保留/纳入需方法审查
就是了	1	0	0	0	1	0	reference	自动生成；SCOPE v1 保留/纳入需方法审查
就是说	1	1	1	1	4	0	reference	自动生成；SCOPE v1 保留/纳入需方法审查
就此	0	0	0	1	1	0	reference	自动生成；SCOPE v1 保留/纳入需方法审查
就算	1	0	0	1	2	0	reference	自动生成；SCOPE v1 保留/纳入需方法审查
就要	1	0	0	0	1	0	reference	自动生成；SCOPE v1 保留/纳入需方法审查
尽	1	1	1	0	3	0	reference	自动生成；SCOPE v1 保留/纳入需方法审查
尽可能	0	0	0	1	1	0	reference	自动生成；SCOPE v1 保留/纳入需方法审查
尽如人意	0	0	0	1	1	0	reference	自动生成；SCOPE v1 保留/纳入需方法审查
尽心尽力	0	0	0	1	1	0	reference	自动生成；SCOPE v1 保留/纳入需方法审查
尽心竭力	0	0	0	1	1	0	reference	自动生成；SCOPE v1 保留/纳入需方法审查
尽快	0	0	0	1	1	0	reference	自动生成；SCOPE v1 保留/纳入需方法审查
尽早	0	0	0	1	1	0	reference	自动生成；SCOPE v1 保留/纳入需方法审查
尽然	0	0	0	1	1	0	reference	自动生成；SCOPE v1 保留/纳入需方法审查
尽管	1	1	1	1	4	0	reference	自动生成；SCOPE v1 保留/纳入需方法审查
尽管如此	1	0	0	1	2	0	reference	自动生成；SCOPE v1 保留/纳入需方法审查
尽量	0	0	0	1	1	0	reference	自动生成；SCOPE v1 保留/纳入需方法审查
局外	0	0	0	1	1	0	reference	自动生成；SCOPE v1 保留/纳入需方法审查
居然	0	0	0	1	1	0	reference	自动生成；SCOPE v1 保留/纳入需方法审查
届时	0	0	0	1	1	0	reference	自动生成；SCOPE v1 保留/纳入需方法审查
属于	0	0	1	0	1	0	reference	自动生成；SCOPE v1 保留/纳入需方法审查
屡屡	0	0	0	1	1	0	reference	自动生成；SCOPE v1 保留/纳入需方法审查
屡次	0	0	0	1	1	0	reference	自动生成；SCOPE v1 保留/纳入需方法审查
屡次三番	0	0	0	1	1	0	reference	自动生成；SCOPE v1 保留/纳入需方法审查
岂但	1	1	1	1	4	0	reference	自动生成；SCOPE v1 保留/纳入需方法审查
岂止	0	0	0	1	1	0	reference	自动生成；SCOPE v1 保留/纳入需方法审查
岂非	0	0	0	1	1	0	reference	自动生成；SCOPE v1 保留/纳入需方法审查
川流不息	0	0	0	1	1	0	reference	自动生成；SCOPE v1 保留/纳入需方法审查
左右	0	0	1	0	1	0	reference	自动生成；SCOPE v1 保留/纳入需方法审查
巨大	0	0	1	0	1	0	reference	自动生成；SCOPE v1 保留/纳入需方法审查
巩固	0	0	1	0	1	0	reference	自动生成；SCOPE v1 保留/纳入需方法审查
差一点	0	0	0	1	1	0	reference	自动生成；SCOPE v1 保留/纳入需方法审查
差不多	0	0	0	1	1	0	reference	自动生成；SCOPE v1 保留/纳入需方法审查
己	1	1	1	0	3	0	reference	自动生成；SCOPE v1 保留/纳入需方法审查
已	1	0	0	0	1	1	reference	自动生成；SCOPE v1 保留/纳入需方法审查
已矣	1	0	0	0	1	0	reference	自动生成；SCOPE v1 保留/纳入需方法审查
已经	0	0	1	0	1	1	reference	自动生成；SCOPE v1 保留/纳入需方法审查
巴	1	0	0	0	1	0	reference	自动生成；SCOPE v1 保留/纳入需方法审查
巴巴	1	0	0	0	1	0	reference	自动生成；SCOPE v1 保留/纳入需方法审查
帮助	0	0	1	0	1	0	reference	自动生成；SCOPE v1 保留/纳入需方法审查
常常	0	0	1	0	1	0	reference	自动生成；SCOPE v1 保留/纳入需方法审查
常言说	0	0	0	1	1	0	reference	自动生成；SCOPE v1 保留/纳入需方法审查
常言说得好	0	0	0	1	1	0	reference	自动生成；SCOPE v1 保留/纳入需方法审查
常言道	0	0	0	1	1	0	reference	自动生成；SCOPE v1 保留/纳入需方法审查
平素	0	0	0	1	1	0	reference	自动生成；SCOPE v1 保留/纳入需方法审查
年复一年	0	0	0	1	1	0	reference	自动生成；SCOPE v1 保留/纳入需方法审查
并	1	1	1	0	3	1	reference	自动生成；SCOPE v1 保留/纳入需方法审查
并不	0	0	1	0	1	0	reference	自动生成；SCOPE v1 保留/纳入需方法审查
并不是	0	0	1	0	1	0	reference	自动生成；SCOPE v1 保留/纳入需方法审查
并且	1	1	1	1	4	0	reference	自动生成；SCOPE v1 保留/纳入需方法审查
并排	0	0	0	1	1	0	reference	自动生成；SCOPE v1 保留/纳入需方法审查
并无	0	0	0	1	1	0	reference	自动生成；SCOPE v1 保留/纳入需方法审查
并没	0	0	0	1	1	0	reference	自动生成；SCOPE v1 保留/纳入需方法审查
并没有	0	0	1	1	2	0	reference	自动生成；SCOPE v1 保留/纳入需方法审查
并肩	0	0	0	1	1	0	reference	自动生成；SCOPE v1 保留/纳入需方法审查
并非	1	0	0	1	2	0	reference	自动生成；SCOPE v1 保留/纳入需方法审查
广大	0	0	1	0	1	0	reference	自动生成；SCOPE v1 保留/纳入需方法审查
广泛	0	0	1	0	1	0	reference	自动生成；SCOPE v1 保留/纳入需方法审查
应当	0	0	1	0	1	0	reference	自动生成；SCOPE v1 保留/纳入需方法审查
应用	0	0	1	0	1	0	reference	自动生成；SCOPE v1 保留/纳入需方法审查
应该	0	0	1	0	1	0	reference	自动生成；SCOPE v1 保留/纳入需方法审查
庶乎	1	0	0	0	1	0	reference	自动生成；SCOPE v1 保留/纳入需方法审查
庶几	1	0	0	0	1	0	reference	自动生成；SCOPE v1 保留/纳入需方法审查
开外	1	1	1	1	4	0	reference	自动生成；SCOPE v1 保留/纳入需方法审查
开始	1	1	1	1	4	0	reference	自动生成；SCOPE v1 保留/纳入需方法审查
开展	0	0	1	0	1	0	reference	自动生成；SCOPE v1 保留/纳入需方法审查
引起	0	0	1	0	1	0	reference	自动生成；SCOPE v1 保留/纳入需方法审查
弹指之间	0	0	0	1	1	0	reference	自动生成；SCOPE v1 保留/纳入需方法审查
强烈	0	0	1	0	1	0	reference	自动生成；SCOPE v1 保留/纳入需方法审查
强调	0	0	1	0	1	0	reference	自动生成；SCOPE v1 保留/纳入需方法审查
归	1	1	1	0	3	0	reference	自动生成；SCOPE v1 保留/纳入需方法审查
归根到底	0	0	0	1	1	0	reference	自动生成；SCOPE v1 保留/纳入需方法审查
归根结底	0	0	0	1	1	0	reference	自动生成；SCOPE v1 保留/纳入需方法审查
归齐	1	0	0	0	1	0	reference	自动生成；SCOPE v1 保留/纳入需方法审查
当	1	1	1	0	3	0	reference	自动生成；SCOPE v1 保留/纳入需方法审查
当下	0	0	0	1	1	0	reference	自动生成；SCOPE v1 保留/纳入需方法审查
当中	0	0	0	1	1	0	reference	自动生成；SCOPE v1 保留/纳入需方法审查
当儿	0	0	0	1	1	0	reference	自动生成；SCOPE v1 保留/纳入需方法审查
当前	0	0	1	0	1	0	reference	自动生成；SCOPE v1 保留/纳入需方法审查
当即	0	0	0	1	1	0	reference	自动生成；SCOPE v1 保留/纳入需方法审查
当口儿	0	0	0	1	1	0	reference	自动生成；SCOPE v1 保留/纳入需方法审查
当地	1	0	0	0	1	0	reference	自动生成；SCOPE v1 保留/纳入需方法审查
当场	0	0	0	1	1	0	reference	自动生成；SCOPE v1 保留/纳入需方法审查
当头	0	0	0	1	1	0	reference	自动生成；SCOPE v1 保留/纳入需方法审查
当庭	0	0	0	1	1	0	reference	自动生成；SCOPE v1 保留/纳入需方法审查
当时	0	0	1	0	1	0	reference	自动生成；SCOPE v1 保留/纳入需方法审查
当然	1	0	1	1	3	0	reference	自动生成；SCOPE v1 保留/纳入需方法审查
当真	0	0	0	1	1	0	reference	自动生成；SCOPE v1 保留/纳入需方法审查
当着	1	1	1	1	4	0	reference	自动生成；SCOPE v1 保留/纳入需方法审查
形成	0	0	1	0	1	0	reference	自动生成；SCOPE v1 保留/纳入需方法审查
彻夜	0	0	0	1	1	0	reference	自动生成；SCOPE v1 保留/纳入需方法审查
彻底	0	0	1	0	1	0	reference	自动生成；SCOPE v1 保留/纳入需方法审查
彼	1	1	1	0	3	0	reference	自动生成；SCOPE v1 保留/纳入需方法审查
彼时	1	0	0	0	1	0	reference	自动生成；SCOPE v1 保留/纳入需方法审查
彼此	1	1	1	1	4	0	reference	自动生成；SCOPE v1 保留/纳入需方法审查
往	1	1	1	0	3	0	reference	自动生成；SCOPE v1 保留/纳入需方法审查
往往	0	0	1	0	1	0	reference	自动生成；SCOPE v1 保留/纳入需方法审查
待	1	1	1	0	3	0	reference	自动生成；SCOPE v1 保留/纳入需方法审查
待到	0	0	0	1	1	0	reference	自动生成；SCOPE v1 保留/纳入需方法审查
很	1	0	0	1	2	1	reference	自动生成；SCOPE v1 保留/纳入需方法审查
很多	0	0	0	1	1	0	reference	自动生成；SCOPE v1 保留/纳入需方法审查
很少	0	0	0	1	1	0	reference	自动生成；SCOPE v1 保留/纳入需方法审查
後来	0	0	1	0	1	0	reference	自动生成；SCOPE v1 保留/纳入需方法审查
後面	0	0	1	0	1	0	reference	自动生成；SCOPE v1 保留/纳入需方法审查
得	1	1	1	0	3	0	reference	自动生成；SCOPE v1 保留/纳入需方法审查
得了	1	0	0	0	1	0	reference	自动生成；SCOPE v1 保留/纳入需方法审查
得出	0	0	1	0	1	0	reference	自动生成；SCOPE v1 保留/纳入需方法审查
得到	0	0	1	0	1	0	reference	自动生成；SCOPE v1 保留/纳入需方法审查
得天独厚	0	0	0	1	1	0	reference	自动生成；SCOPE v1 保留/纳入需方法审查
得起	0	0	0	1	1	0	reference	自动生成；SCOPE v1 保留/纳入需方法审查
心里	0	0	1	0	1	0	reference	自动生成；SCOPE v1 保留/纳入需方法审查
必定	0	0	0	1	1	0	reference	自动生成；SCOPE v1 保留/纳入需方法审查
必将	0	0	0	1	1	0	reference	自动生成；SCOPE v1 保留/纳入需方法审查
必然	0	0	1	0	1	0	reference	自动生成；SCOPE v1 保留/纳入需方法审查
必要	0	0	1	0	1	0	reference	自动生成；SCOPE v1 保留/纳入需方法审查
必须	0	0	1	1	2	0	reference	自动生成；SCOPE v1 保留/纳入需方法审查
快要	0	0	0	1	1	0	reference	自动生成；SCOPE v1 保留/纳入需方法审查
忽地	0	0	0	1	1	0	reference	自动生成；SCOPE v1 保留/纳入需方法审查
忽然	0	0	0	1	1	0	reference	自动生成；SCOPE v1 保留/纳入需方法审查
怎	1	1	1	0	3	0	reference	自动生成；SCOPE v1 保留/纳入需方法审查
怎么	1	1	1	1	4	1	reference	自动生成；SCOPE v1 保留/纳入需方法审查
怎么办	1	1	1	1	4	0	reference	自动生成；SCOPE v1 保留/纳入需方法审查
怎么样	1	1	1	1	4	0	reference	自动生成；SCOPE v1 保留/纳入需方法审查
怎奈	1	0	0	0	1	0	reference	自动生成；SCOPE v1 保留/纳入需方法审查
怎样	1	1	1	1	4	0	reference	自动生成；SCOPE v1 保留/纳入需方法审查
怎麽	0	0	1	0	1	0	reference	自动生成；SCOPE v1 保留/纳入需方法审查
急匆匆	0	0	0	1	1	0	reference	自动生成；SCOPE v1 保留/纳入需方法审查
怪不得	0	0	0	1	1	0	reference	自动生成；SCOPE v1 保留/纳入需方法审查
总之	1	1	1	1	4	0	reference	自动生成；SCOPE v1 保留/纳入需方法审查
总是	0	0	1	0	1	0	reference	自动生成；SCOPE v1 保留/纳入需方法审查
总的来看	1	1	1	1	4	0	reference	自动生成；SCOPE v1 保留/纳入需方法审查
总的来说	1	1	1	1	4	0	reference	自动生成；SCOPE v1 保留/纳入需方法审查
总的说来	1	1	1	1	4	0	reference	自动生成；SCOPE v1 保留/纳入需方法审查
总结	0	0	1	0	1	0	reference	自动生成；SCOPE v1 保留/纳入需方法审查
总而言之	1	1	1	1	4	0	reference	自动生成；SCOPE v1 保留/纳入需方法审查
恍然	0	0	0	1	1	0	reference	自动生成；SCOPE v1 保留/纳入需方法审查
恐怕	0	0	0	1	1	0	reference	自动生成；SCOPE v1 保留/纳入需方法审查
恰似	0	0	0	1	1	0	reference	自动生成；SCOPE v1 保留/纳入需方法审查
恰好	0	0	0	1	1	0	reference	自动生成；SCOPE v1 保留/纳入需方法审查
恰如	0	0	0	1	1	0	reference	自动生成；SCOPE v1 保留/纳入需方法审查
恰巧	0	0	0	1	1	0	reference	自动生成；SCOPE v1 保留/纳入需方法审查
恰恰	0	0	0	1	1	0	reference	自动生成；SCOPE v1 保留/纳入需方法审查
恰恰相反	1	1	1	1	4	0	reference	自动生成；SCOPE v1 保留/纳入需方法审查
恰逢	0	0	0	1	1	0	reference	自动生成；SCOPE v1 保留/纳入需方法审查
您	1	1	1	1	4	0	reference	自动生成；SCOPE v1 保留/纳入需方法审查
您们	0	0	0	1	1	0	reference	自动生成；SCOPE v1 保留/纳入需方法审查
您是	0	0	0	1	1	0	reference	自动生成；SCOPE v1 保留/纳入需方法审查
惟其	1	0	0	0	1	0	reference	自动生成；SCOPE v1 保留/纳入需方法审查
惯常	0	0	0	1	1	0	reference	自动生成；SCOPE v1 保留/纳入需方法审查
意思	0	0	1	0	1	0	reference	自动生成；SCOPE v1 保留/纳入需方法审查
愤然	0	0	0	1	1	0	reference	自动生成；SCOPE v1 保留/纳入需方法审查
愿意	0	0	1	0	1	0	reference	自动生成；SCOPE v1 保留/纳入需方法审查
慢说	1	1	1	1	4	0	reference	自动生成；SCOPE v1 保留/纳入需方法审查
成为	0	0	1	0	1	0	reference	自动生成；SCOPE v1 保留/纳入需方法审查
成年累月	0	0	0	1	1	0	reference	自动生成；SCOPE v1 保留/纳入需方法审查
成心	0	0	0	1	1	0	reference	自动生成；SCOPE v1 保留/纳入需方法审查
我	1	1	1	1	4	0	reference	自动生成；SCOPE v1 保留/纳入需方法审查
我们	1	1	1	1	4	1	reference	自动生成；SCOPE v1 保留/纳入需方法审查
我是	0	0	0	1	1	0	reference	自动生成；SCOPE v1 保留/纳入需方法审查
我的	0	0	1	0	1	0	reference	自动生成；SCOPE v1 保留/纳入需方法审查
或	1	1	1	1	4	1	reference	自动生成；SCOPE v1 保留/纳入需方法审查
或则	1	0	0	0	1	0	reference	自动生成；SCOPE v1 保留/纳入需方法审查
或多或少	0	0	0	1	1	0	reference	自动生成；SCOPE v1 保留/纳入需方法审查
或是	1	1	1	1	4	0	reference	自动生成；SCOPE v1 保留/纳入需方法审查
或曰	1	0	0	0	1	0	reference	自动生成；SCOPE v1 保留/纳入需方法审查
或者	1	1	1	1	4	0	reference	自动生成；SCOPE v1 保留/纳入需方法审查
或许	0	0	0	1	1	0	reference	自动生成；SCOPE v1 保留/纳入需方法审查
战斗	0	0	1	0	1	0	reference	自动生成；SCOPE v1 保留/纳入需方法审查
截然	0	0	0	1	1	0	reference	自动生成；SCOPE v1 保留/纳入需方法审查
截至	1	0	0	1	2	0	reference	自动生成；SCOPE v1 保留/纳入需方法审查
所	1	1	1	0	3	0	reference	自动生成；SCOPE v1 保留/纳入需方法审查
所以	1	1	1	1	4	1	reference	自动生成；SCOPE v1 保留/纳入需方法审查
所在	1	0	0	0	1	0	reference	自动生成；SCOPE v1 保留/纳入需方法审查
所幸	1	0	0	0	1	0	reference	自动生成；SCOPE v1 保留/纳入需方法审查
所有	1	0	1	0	2	0	reference	自动生成；SCOPE v1 保留/纳入需方法审查
所谓	0	0	1	0	1	0	reference	自动生成；SCOPE v1 保留/纳入需方法审查
才	1	0	0	0	1	0	reference	自动生成；SCOPE v1 保留/纳入需方法审查
才能	1	0	0	1	2	0	reference	自动生成；SCOPE v1 保留/纳入需方法审查
扑通	0	0	0	1	1	0	reference	自动生成；SCOPE v1 保留/纳入需方法审查
打	1	1	1	0	3	0	reference	自动生成；SCOPE v1 保留/纳入需方法审查
打从	1	0	0	1	2	0	reference	自动生成；SCOPE v1 保留/纳入需方法审查
打开天窗说亮话	0	0	0	1	1	0	reference	自动生成；SCOPE v1 保留/纳入需方法审查
扩大	0	0	1	0	1	0	reference	自动生成；SCOPE v1 保留/纳入需方法审查
把	1	1	1	1	4	1	reference	自动生成；SCOPE v1 保留/纳入需方法审查
抑或	1	1	1	1	4	0	reference	自动生成；SCOPE v1 保留/纳入需方法审查
抽冷子	0	0	0	1	1	0	reference	自动生成；SCOPE v1 保留/纳入需方法审查
拦腰	0	0	0	1	1	0	reference	自动生成；SCOPE v1 保留/纳入需方法审查
拿	1	1	1	0	3	0	reference	自动生成；SCOPE v1 保留/纳入需方法审查
按	1	1	1	1	4	0	reference	自动生成；SCOPE v1 保留/纳入需方法审查
按时	0	0	0	1	1	0	reference	自动生成；SCOPE v1 保留/纳入需方法审查
按期	0	0	0	1	1	0	reference	自动生成；SCOPE v1 保留/纳入需方法审查
按照	1	1	1	1	4	0	reference	自动生成；SCOPE v1 保留/纳入需方法审查
按理	0	0	0	1	1	0	reference	自动生成；SCOPE v1 保留/纳入需方法审查
按说	0	0	0	1	1	0	reference	自动生成；SCOPE v1 保留/纳入需方法审查
挨个	0	0	0	1	1	0	reference	自动生成；SCOPE v1 保留/纳入需方法审查
挨家挨户	0	0	0	1	1	0	reference	自动生成；SCOPE v1 保留/纳入需方法审查
挨次	0	0	0	1	1	0	reference	自动生成；SCOPE v1 保留/纳入需方法审查
挨着	0	0	0	1	1	0	reference	自动生成；SCOPE v1 保留/纳入需方法审查
挨门挨户	0	0	0	1	1	0	reference	自动生成；SCOPE v1 保留/纳入需方法审查
挨门逐户	0	0	0	1	1	0	reference	自动生成；SCOPE v1 保留/纳入需方法审查
换句话说	1	1	1	1	4	0	reference	自动生成；SCOPE v1 保留/纳入需方法审查
换言之	1	1	1	1	4	0	reference	自动生成；SCOPE v1 保留/纳入需方法审查
据	1	1	1	0	3	0	reference	自动生成；SCOPE v1 保留/纳入需方法审查
据实	0	0	0	1	1	0	reference	自动生成；SCOPE v1 保留/纳入需方法审查
据悉	0	0	0	1	1	0	reference	自动生成；SCOPE v1 保留/纳入需方法审查
据我所知	0	0	0	1	1	0	reference	自动生成；SCOPE v1 保留/纳入需方法审查
据此	1	0	0	1	2	0	reference	自动生成；SCOPE v1 保留/纳入需方法审查
据称	0	0	0	1	1	0	reference	自动生成；SCOPE v1 保留/纳入需方法审查
据说	0	0	0	1	1	0	reference	自动生成；SCOPE v1 保留/纳入需方法审查
掌握	0	0	1	0	1	0	reference	自动生成；SCOPE v1 保留/纳入需方法审查
接下来	0	0	0	1	1	0	reference	自动生成；SCOPE v1 保留/纳入需方法审查
接着	1	1	1	1	4	0	reference	自动生成；SCOPE v1 保留/纳入需方法审查
接著	0	0	1	0	1	0	reference	自动生成；SCOPE v1 保留/纳入需方法审查
接连不断	0	0	0	1	1	0	reference	自动生成；SCOPE v1 保留/纳入需方法审查
故	1	1	1	0	3	0	reference	自动生成；SCOPE v1 保留/纳入需方法审查
故意	0	0	0	1	1	0	reference	自动生成；SCOPE v1 保留/纳入需方法审查
故此	1	1	1	1	4	0	reference	自动生成；SCOPE v1 保留/纳入需方法审查
故而	1	0	0	1	2	0	reference	自动生成；SCOPE v1 保留/纳入需方法审查
敞开儿	0	0	0	1	1	0	reference	自动生成；SCOPE v1 保留/纳入需方法审查
敢于	0	0	0	1	1	0	reference	自动生成；SCOPE v1 保留/纳入需方法审查
敢情	0	0	0	1	1	0	reference	自动生成；SCOPE v1 保留/纳入需方法审查
数/	0	1	0	0	1	0	reference	自动生成；SCOPE v1 保留/纳入需方法审查
整个	0	0	1	0	1	0	reference	自动生成；SCOPE v1 保留/纳入需方法审查
断然	0	0	0	1	1	0	reference	自动生成；SCOPE v1 保留/纳入需方法审查
方便	0	0	1	0	1	0	reference	自动生成；SCOPE v1 保留/纳入需方法审查
方才	0	0	0	1	1	0	reference	自动生成；SCOPE v1 保留/纳入需方法审查
方能	0	0	0	1	1	0	reference	自动生成；SCOPE v1 保留/纳入需方法审查
方面	0	0	1	0	1	0	reference	自动生成；SCOPE v1 保留/纳入需方法审查
旁人	1	1	1	1	4	0	reference	自动生成；SCOPE v1 保留/纳入需方法审查
无	1	0	0	0	1	0	reference	自动生成；SCOPE v1 保留/纳入需方法审查
无宁	1	1	1	1	4	0	reference	自动生成；SCOPE v1 保留/纳入需方法审查
无法	0	0	1	0	1	0	reference	自动生成；SCOPE v1 保留/纳入需方法审查
无论	1	1	1	1	4	0	reference	自动生成；SCOPE v1 保留/纳入需方法审查
既	1	1	1	1	4	0	reference	自动生成；SCOPE v1 保留/纳入需方法审查
既往	1	0	0	0	1	0	reference	自动生成；SCOPE v1 保留/纳入需方法审查
既是	1	1	1	1	4	0	reference	自动生成；SCOPE v1 保留/纳入需方法审查
既然	1	1	1	1	4	0	reference	自动生成；SCOPE v1 保留/纳入需方法审查
日复一日	0	0	0	1	1	0	reference	自动生成；SCOPE v1 保留/纳入需方法审查
日渐	0	0	0	1	1	0	reference	自动生成；SCOPE v1 保留/纳入需方法审查
日益	0	0	0	1	1	0	reference	自动生成；SCOPE v1 保留/纳入需方法审查
日臻	0	0	0	1	1	0	reference	自动生成；SCOPE v1 保留/纳入需方法审查
日见	0	0	0	1	1	0	reference	自动生成；SCOPE v1 保留/纳入需方法审查
时候	1	1	1	1	4	0	reference	自动生成；SCOPE v1 保留/纳入需方法审查
昂然	0	0	0	1	1	0	reference	自动生成；SCOPE v1 保留/纳入需方法审查
明显	0	0	1	0	1	0	reference	自动生成；SCOPE v1 保留/纳入需方法审查
明确	0	0	1	0	1	0	reference	自动生成；SCOPE v1 保留/纳入需方法审查
是	1	1	1	0	3	1	reference	自动生成；SCOPE v1 保留/纳入需方法审查
是不是	0	0	1	0	1	0	reference	自动生成；SCOPE v1 保留/纳入需方法审查
是以	1	0	0	0	1	0	reference	自动生成；SCOPE v1 保留/纳入需方法审查
是否	0	0	1	0	1	0	reference	自动生成；SCOPE v1 保留/纳入需方法审查
是的	1	1	1	1	4	0	reference	自动生成；SCOPE v1 保留/纳入需方法审查
显然	0	0	1	0	1	0	reference	自动生成；SCOPE v1 保留/纳入需方法审查
显著	0	0	1	0	1	0	reference	自动生成；SCOPE v1 保留/纳入需方法审查
普通	0	0	1	0	1	0	reference	自动生成；SCOPE v1 保留/纳入需方法审查
普遍	0	0	1	0	1	0	reference	自动生成；SCOPE v1 保留/纳入需方法审查
暗中	0	0	0	1	1	0	reference	自动生成；SCOPE v1 保留/纳入需方法审查
暗地里	0	0	0	1	1	0	reference	自动生成；SCOPE v1 保留/纳入需方法审查
暗自	0	0	0	1	1	0	reference	自动生成；SCOPE v1 保留/纳入需方法审查
更为	0	0	0	1	1	0	reference	自动生成；SCOPE v1 保留/纳入需方法审查
更加	0	0	1	1	2	0	reference	自动生成；SCOPE v1 保留/纳入需方法审查
更进一步	0	0	0	1	1	0	reference	自动生成；SCOPE v1 保留/纳入需方法审查
曾	1	0	0	0	1	0	reference	自动生成；SCOPE v1 保留/纳入需方法审查
曾经	0	0	1	0	1	0	reference	自动生成；SCOPE v1 保留/纳入需方法审查
替	1	1	1	0	3	0	reference	自动生成；SCOPE v1 保留/纳入需方法审查
替代	1	0	0	0	1	0	reference	自动生成；SCOPE v1 保留/纳入需方法审查
最	1	0	0	0	1	1	reference	自动生成；SCOPE v1 保留/纳入需方法审查
最后	0	0	1	1	2	0	reference	自动生成；SCOPE v1 保留/纳入需方法审查
最大	0	0	1	0	1	0	reference	自动生成；SCOPE v1 保留/纳入需方法审查
最好	0	0	1	0	1	0	reference	自动生成；SCOPE v1 保留/纳入需方法审查
最後	0	0	1	0	1	0	reference	自动生成；SCOPE v1 保留/纳入需方法审查
最近	0	0	1	0	1	0	reference	自动生成；SCOPE v1 保留/纳入需方法审查
最高	0	0	1	0	1	0	reference	自动生成；SCOPE v1 保留/纳入需方法审查
有	1	1	1	0	3	1	reference	自动生成；SCOPE v1 保留/纳入需方法审查
有些	1	1	1	1	4	0	reference	自动生成；SCOPE v1 保留/纳入需方法审查
有关	1	1	1	1	4	0	reference	自动生成；SCOPE v1 保留/纳入需方法审查
有利	0	0	1	0	1	0	reference	自动生成；SCOPE v1 保留/纳入需方法审查
有力	0	0	1	0	1	0	reference	自动生成；SCOPE v1 保留/纳入需方法审查
有及	1	0	0	0	1	0	reference	自动生成；SCOPE v1 保留/纳入需方法审查
有所	0	0	1	0	1	0	reference	自动生成；SCOPE v1 保留/纳入需方法审查
有效	0	0	1	0	1	0	reference	自动生成；SCOPE v1 保留/纳入需方法审查
有时	1	0	1	0	2	0	reference	自动生成；SCOPE v1 保留/纳入需方法审查
有点	0	0	1	0	1	0	reference	自动生成；SCOPE v1 保留/纳入需方法审查
有的	1	1	1	1	4	0	reference	自动生成；SCOPE v1 保留/纳入需方法审查
有的是	0	1	0	0	1	0	reference	自动生成；SCOPE v1 保留/纳入需方法审查
有着	0	0	1	0	1	0	reference	自动生成；SCOPE v1 保留/纳入需方法审查
有著	0	0	1	0	1	0	reference	自动生成；SCOPE v1 保留/纳入需方法审查
望	1	1	1	0	3	0	reference	自动生成；SCOPE v1 保留/纳入需方法审查
朝	1	1	1	0	3	0	reference	自动生成；SCOPE v1 保留/纳入需方法审查
朝着	1	1	1	1	4	0	reference	自动生成；SCOPE v1 保留/纳入需方法审查
末##末	0	1	0	0	1	0	reference	自动生成；SCOPE v1 保留/纳入需方法审查
本	1	1	1	0	3	0	reference	自动生成；SCOPE v1 保留/纳入需方法审查
本人	1	0	0	1	2	0	reference	自动生成；SCOPE v1 保留/纳入需方法审查
本地	1	0	0	0	1	0	reference	自动生成；SCOPE v1 保留/纳入需方法审查
本着	1	1	1	1	4	0	reference	自动生成；SCOPE v1 保留/纳入需方法审查
本身	1	0	0	1	2	0	reference	自动生成；SCOPE v1 保留/纳入需方法审查
权时	0	0	0	1	1	0	reference	自动生成；SCOPE v1 保留/纳入需方法审查
来	1	1	1	0	3	0	reference	自动生成；SCOPE v1 保留/纳入需方法审查
来不及	0	0	0	1	1	0	reference	自动生成；SCOPE v1 保留/纳入需方法审查
来得及	0	0	0	1	1	0	reference	自动生成；SCOPE v1 保留/纳入需方法审查
来看	0	0	0	1	1	0	reference	自动生成；SCOPE v1 保留/纳入需方法审查
来着	1	1	1	1	4	0	reference	自动生成；SCOPE v1 保留/纳入需方法审查
来自	1	0	0	0	1	0	reference	自动生成；SCOPE v1 保留/纳入需方法审查
来讲	0	0	0	1	1	0	reference	自动生成；SCOPE v1 保留/纳入需方法审查
来说	1	0	0	0	1	0	reference	自动生成；SCOPE v1 保留/纳入需方法审查
极为	0	0	0	1	1	0	reference	自动生成；SCOPE v1 保留/纳入需方法审查
极了	1	1	1	1	4	0	reference	自动生成；SCOPE v1 保留/纳入需方法审查
极其	0	0	0	1	1	0	reference	自动生成；SCOPE v1 保留/纳入需方法审查
极力	0	0	0	1	1	0	reference	自动生成；SCOPE v1 保留/纳入需方法审查
极大	0	0	0	1	1	0	reference	自动生成；SCOPE v1 保留/纳入需方法审查
极度	0	0	0	1	1	0	reference	自动生成；SCOPE v1 保留/纳入需方法审查
极端	0	0	0	1	1	0	reference	自动生成；SCOPE v1 保留/纳入需方法审查
构成	0	0	1	0	1	0	reference	自动生成；SCOPE v1 保留/纳入需方法审查
果然	1	1	1	1	4	0	reference	自动生成；SCOPE v1 保留/纳入需方法审查
果真	1	1	1	1	4	0	reference	自动生成；SCOPE v1 保留/纳入需方法审查
某	1	1	1	0	3	0	reference	自动生成；SCOPE v1 保留/纳入需方法审查
某个	1	1	1	1	4	0	reference	自动生成；SCOPE v1 保留/纳入需方法审查
某些	1	1	1	1	4	0	reference	自动生成；SCOPE v1 保留/纳入需方法审查
某某	1	0	0	0	1	0	reference	自动生成；SCOPE v1 保留/纳入需方法审查
根据	1	1	1	1	4	1	reference	自动生成；SCOPE v1 保留/纳入需方法审查
根本	0	0	1	0	1	0	reference	自动生成；SCOPE v1 保留/纳入需方法审查
格外	0	0	0	1	1	0	reference	自动生成；SCOPE v1 保留/纳入需方法审查
次第	0	0	0	1	1	0	reference	自动生成；SCOPE v1 保留/纳入需方法审查
欢迎	0	0	1	0	1	0	reference	自动生成；SCOPE v1 保留/纳入需方法审查
欤	1	0	0	0	1	0	reference	自动生成；SCOPE v1 保留/纳入需方法审查
正值	1	0	0	0	1	0	reference	自动生成；SCOPE v1 保留/纳入需方法审查
正在	0	0	1	0	1	0	reference	自动生成；SCOPE v1 保留/纳入需方法审查
正如	1	1	1	1	4	0	reference	自动生成；SCOPE v1 保留/纳入需方法审查
正巧	1	0	0	0	1	0	reference	自动生成；SCOPE v1 保留/纳入需方法审查
正常	0	0	1	0	1	0	reference	自动生成；SCOPE v1 保留/纳入需方法审查
正是	1	0	0	0	1	0	reference	自动生成；SCOPE v1 保留/纳入需方法审查
此	1	1	1	0	3	0	reference	自动生成；SCOPE v1 保留/纳入需方法审查
此中	0	0	0	1	1	0	reference	自动生成；SCOPE v1 保留/纳入需方法审查
此后	0	0	0	1	1	0	reference	自动生成；SCOPE v1 保留/纳入需方法审查
此地	1	0	0	0	1	0	reference	自动生成；SCOPE v1 保留/纳入需方法审查
此处	1	0	0	0	1	0	reference	自动生成；SCOPE v1 保留/纳入需方法审查
此外	1	1	1	1	4	0	reference	自动生成；SCOPE v1 保留/纳入需方法审查
此时	1	0	1	0	2	0	reference	自动生成；SCOPE v1 保留/纳入需方法审查
此次	1	0	0	0	1	0	reference	自动生成；SCOPE v1 保留/纳入需方法审查
此间	1	1	1	1	4	0	reference	自动生成；SCOPE v1 保留/纳入需方法审查
毋宁	1	1	1	1	4	0	reference	自动生成；SCOPE v1 保留/纳入需方法审查
每	1	1	1	0	3	0	reference	自动生成；SCOPE v1 保留/纳入需方法审查
每个	0	0	1	0	1	0	reference	自动生成；SCOPE v1 保留/纳入需方法审查
每天	0	0	1	0	1	0	reference	自动生成；SCOPE v1 保留/纳入需方法审查
每年	0	0	1	0	1	0	reference	自动生成；SCOPE v1 保留/纳入需方法审查
每当	1	1	1	1	4	0	reference	自动生成；SCOPE v1 保留/纳入需方法审查
每时每刻	0	0	0	1	1	0	reference	自动生成；SCOPE v1 保留/纳入需方法审查
每每	0	0	0	1	1	0	reference	自动生成；SCOPE v1 保留/纳入需方法审查
每逢	0	0	0	1	1	0	reference	自动生成；SCOPE v1 保留/纳入需方法审查
比	1	1	1	0	3	0	reference	自动生成；SCOPE v1 保留/纳入需方法审查
比及	1	0	0	0	1	0	reference	自动生成；SCOPE v1 保留/纳入需方法审查
比如	1	1	1	1	4	1	reference	自动生成；SCOPE v1 保留/纳入需方法审查
比如说	0	0	0	1	1	0	reference	自动生成；SCOPE v1 保留/纳入需方法审查
比方	1	1	1	1	4	0	reference	自动生成；SCOPE v1 保留/纳入需方法审查
比照	0	0	0	1	1	0	reference	自动生成；SCOPE v1 保留/纳入需方法审查
比起	0	0	0	1	1	0	reference	自动生成；SCOPE v1 保留/纳入需方法审查
比较	0	0	1	0	1	0	reference	自动生成；SCOPE v1 保留/纳入需方法审查
毕竟	0	0	0	1	1	0	reference	自动生成；SCOPE v1 保留/纳入需方法审查
毫不	0	0	1	1	2	0	reference	自动生成；SCOPE v1 保留/纳入需方法审查
毫无	0	0	0	1	1	0	reference	自动生成；SCOPE v1 保留/纳入需方法审查
毫无例外	0	0	0	1	1	0	reference	自动生成；SCOPE v1 保留/纳入需方法审查
毫无保留地	0	0	0	1	1	0	reference	自动生成；SCOPE v1 保留/纳入需方法审查
沙沙	0	0	0	1	1	0	reference	自动生成；SCOPE v1 保留/纳入需方法审查
没奈何	1	0	0	0	1	0	reference	自动生成；SCOPE v1 保留/纳入需方法审查
没有	0	0	1	1	2	1	reference	自动生成；SCOPE v1 保留/纳入需方法审查
沿	1	1	1	0	3	0	reference	自动生成；SCOPE v1 保留/纳入需方法审查
沿着	1	1	1	1	4	0	reference	自动生成；SCOPE v1 保留/纳入需方法审查
注意	0	0	1	0	1	0	reference	自动生成；SCOPE v1 保留/纳入需方法审查
深入	0	0	1	0	1	0	reference	自动生成；SCOPE v1 保留/纳入需方法审查
清楚	0	0	1	0	1	0	reference	自动生成；SCOPE v1 保留/纳入需方法审查
满足	0	0	1	0	1	0	reference	自动生成；SCOPE v1 保留/纳入需方法审查
漫说	1	1	1	1	4	0	reference	自动生成；SCOPE v1 保留/纳入需方法审查
焉	1	1	1	0	3	0	reference	自动生成；SCOPE v1 保留/纳入需方法审查
然则	1	1	1	1	4	0	reference	自动生成；SCOPE v1 保留/纳入需方法审查
然后	1	1	1	1	4	1	reference	自动生成；SCOPE v1 保留/纳入需方法审查
然後	0	0	1	0	1	0	reference	自动生成；SCOPE v1 保留/纳入需方法审查
然而	1	1	1	1	4	0	reference	自动生成；SCOPE v1 保留/纳入需方法审查
照	1	1	1	0	3	0	reference	自动生成；SCOPE v1 保留/纳入需方法审查
照着	1	1	1	1	4	0	reference	自动生成；SCOPE v1 保留/纳入需方法审查
牢牢	0	0	0	1	1	0	reference	自动生成；SCOPE v1 保留/纳入需方法审查
特别是	0	0	1	0	1	0	reference	自动生成；SCOPE v1 保留/纳入需方法审查
特殊	0	0	1	0	1	0	reference	自动生成；SCOPE v1 保留/纳入需方法审查
特点	0	0	1	0	1	0	reference	自动生成；SCOPE v1 保留/纳入需方法审查
犹且	1	0	0	0	1	0	reference	自动生成；SCOPE v1 保留/纳入需方法审查
犹自	1	0	0	0	1	0	reference	自动生成；SCOPE v1 保留/纳入需方法审查
独自	0	0	0	1	1	0	reference	自动生成；SCOPE v1 保留/纳入需方法审查
猛然	0	0	0	1	1	0	reference	自动生成；SCOPE v1 保留/纳入需方法审查
猛然间	0	0	0	1	1	0	reference	自动生成；SCOPE v1 保留/纳入需方法审查
率尔	0	0	0	1	1	0	reference	自动生成；SCOPE v1 保留/纳入需方法审查
率然	0	0	0	1	1	0	reference	自动生成；SCOPE v1 保留/纳入需方法审查
现代	0	0	1	0	1	0	reference	自动生成；SCOPE v1 保留/纳入需方法审查
现在	0	0	1	0	1	1	reference	自动生成；SCOPE v1 保留/纳入需方法审查
理应	0	0	0	1	1	0	reference	自动生成；SCOPE v1 保留/纳入需方法审查
理当	0	0	0	1	1	0	reference	自动生成；SCOPE v1 保留/纳入需方法审查
理该	0	0	0	1	1	0	reference	自动生成；SCOPE v1 保留/纳入需方法审查
瑟瑟	0	0	0	1	1	0	reference	自动生成；SCOPE v1 保留/纳入需方法审查
甚且	1	0	0	0	1	0	reference	自动生成；SCOPE v1 保留/纳入需方法审查
甚么	1	1	1	1	4	0	reference	自动生成；SCOPE v1 保留/纳入需方法审查
甚或	1	0	0	0	1	0	reference	自动生成；SCOPE v1 保留/纳入需方法审查
甚而	1	1	1	1	4	0	reference	自动生成；SCOPE v1 保留/纳入需方法审查
甚至	1	1	1	1	4	0	reference	自动生成；SCOPE v1 保留/纳入需方法审查
甚至于	1	0	0	0	1	0	reference	自动生成；SCOPE v1 保留/纳入需方法审查
用	1	1	1	0	3	1	reference	自动生成；SCOPE v1 保留/纳入需方法审查
用来	1	0	0	0	1	0	reference	自动生成；SCOPE v1 保留/纳入需方法审查
甭	0	0	0	1	1	0	reference	自动生成；SCOPE v1 保留/纳入需方法审查
由	1	1	1	0	3	1	reference	自动生成；SCOPE v1 保留/纳入需方法审查
由于	1	1	1	1	4	0	reference	自动生成；SCOPE v1 保留/纳入需方法审查
由是	1	0	0	0	1	0	reference	自动生成；SCOPE v1 保留/纳入需方法审查
由此	1	0	0	0	1	0	reference	自动生成；SCOPE v1 保留/纳入需方法审查
由此可见	1	1	1	1	4	0	reference	自动生成；SCOPE v1 保留/纳入需方法审查
略为	0	0	0	1	1	0	reference	自动生成；SCOPE v1 保留/纳入需方法审查
略加	0	0	0	1	1	0	reference	自动生成；SCOPE v1 保留/纳入需方法审查
略微	0	0	0	1	1	0	reference	自动生成；SCOPE v1 保留/纳入需方法审查
的	1	1	1	0	3	1	reference	自动生成；SCOPE v1 保留/纳入需方法审查
的确	1	0	0	1	2	0	reference	自动生成；SCOPE v1 保留/纳入需方法审查
的话	1	1	1	1	4	0	reference	自动生成；SCOPE v1 保留/纳入需方法审查
皆可	0	0	0	1	1	0	reference	自动生成；SCOPE v1 保留/纳入需方法审查
目前	0	0	1	0	1	0	reference	自动生成；SCOPE v1 保留/纳入需方法审查
直到	1	0	1	0	2	0	reference	自动生成；SCOPE v1 保留/纳入需方法审查
直接	0	0	1	0	1	0	reference	自动生成；SCOPE v1 保留/纳入需方法审查
相似	0	0	1	0	1	0	reference	自动生成；SCOPE v1 保留/纳入需方法审查
相信	0	0	1	0	1	0	reference	自动生成；SCOPE v1 保留/纳入需方法审查
相反	0	0	1	0	1	0	reference	自动生成；SCOPE v1 保留/纳入需方法审查
相同	0	0	1	0	1	0	reference	自动生成；SCOPE v1 保留/纳入需方法审查
相对	0	0	1	0	1	0	reference	自动生成；SCOPE v1 保留/纳入需方法审查
相对而言	1	1	1	1	4	0	reference	自动生成；SCOPE v1 保留/纳入需方法审查
相应	0	0	1	0	1	0	reference	自动生成；SCOPE v1 保留/纳入需方法审查
相当	0	0	1	0	1	0	reference	自动生成；SCOPE v1 保留/纳入需方法审查
相等	0	0	1	0	1	0	reference	自动生成；SCOPE v1 保留/纳入需方法审查
省得	1	1	1	1	4	0	reference	自动生成；SCOPE v1 保留/纳入需方法审查
看	1	0	0	0	1	0	reference	自动生成；SCOPE v1 保留/纳入需方法审查
看上去	0	0	0	1	1	0	reference	自动生成；SCOPE v1 保留/纳入需方法审查
看出	0	0	1	0	1	0	reference	自动生成；SCOPE v1 保留/纳入需方法审查
看到	0	0	1	0	1	0	reference	自动生成；SCOPE v1 保留/纳入需方法审查
看来	0	0	1	1	2	0	reference	自动生成；SCOPE v1 保留/纳入需方法审查
看样子	0	0	0	1	1	0	reference	自动生成；SCOPE v1 保留/纳入需方法审查
看看	0	0	1	0	1	0	reference	自动生成；SCOPE v1 保留/纳入需方法审查
看见	0	0	1	0	1	0	reference	自动生成；SCOPE v1 保留/纳入需方法审查
看起来	0	0	0	1	1	0	reference	自动生成；SCOPE v1 保留/纳入需方法审查
真是	0	0	1	0	1	0	reference	自动生成；SCOPE v1 保留/纳入需方法审查
真正	0	0	1	0	1	0	reference	自动生成；SCOPE v1 保留/纳入需方法审查
眨眼	1	0	0	0	1	0	reference	自动生成；SCOPE v1 保留/纳入需方法审查
着	1	1	1	0	3	1	reference	自动生成；SCOPE v1 保留/纳入需方法审查
着呢	1	1	1	1	4	0	reference	自动生成；SCOPE v1 保留/纳入需方法审查
矣	1	1	1	0	3	0	reference	自动生成；SCOPE v1 保留/纳入需方法审查
矣乎	1	0	0	0	1	0	reference	自动生成；SCOPE v1 保留/纳入需方法审查
矣哉	1	0	0	0	1	0	reference	自动生成；SCOPE v1 保留/纳入需方法审查
知道	0	0	1	0	1	0	reference	自动生成；SCOPE v1 保留/纳入需方法审查
砰	0	0	0	1	1	0	reference	自动生成；SCOPE v1 保留/纳入需方法审查
确定	0	0	1	0	1	0	reference	自动生成；SCOPE v1 保留/纳入需方法审查
碰巧	0	0	0	1	1	0	reference	自动生成；SCOPE v1 保留/纳入需方法审查
离	1	1	1	0	3	0	reference	自动生成；SCOPE v1 保留/纳入需方法审查
种	0	1	0	0	1	0	reference	自动生成；SCOPE v1 保留/纳入需方法审查
积极	0	0	1	0	1	0	reference	自动生成；SCOPE v1 保留/纳入需方法审查
移动	0	0	1	0	1	0	reference	自动生成；SCOPE v1 保留/纳入需方法审查
究竟	0	0	0	1	1	0	reference	自动生成；SCOPE v1 保留/纳入需方法审查
穷年累月	0	0	0	1	1	0	reference	自动生成；SCOPE v1 保留/纳入需方法审查
突出	0	0	1	0	1	0	reference	自动生成；SCOPE v1 保留/纳入需方法审查
突然	0	0	1	0	1	0	reference	自动生成；SCOPE v1 保留/纳入需方法审查
立刻	0	0	0	1	1	0	reference	自动生成；SCOPE v1 保留/纳入需方法审查
立即	0	0	1	0	1	0	reference	自动生成；SCOPE v1 保留/纳入需方法审查
立地	0	0	0	1	1	0	reference	自动生成；SCOPE v1 保留/纳入需方法审查
立时	0	0	0	1	1	0	reference	自动生成；SCOPE v1 保留/纳入需方法审查
立马	0	0	0	1	1	0	reference	自动生成；SCOPE v1 保留/纳入需方法审查
竟然	0	0	0	1	1	0	reference	自动生成；SCOPE v1 保留/纳入需方法审查
竟而	1	0	0	0	1	0	reference	自动生成；SCOPE v1 保留/纳入需方法审查
第	1	1	1	0	3	0	reference	自动生成；SCOPE v1 保留/纳入需方法审查
第二	0	1	0	0	1	0	reference	自动生成；SCOPE v1 保留/纳入需方法审查
等	1	1	1	0	3	0	reference	自动生成；SCOPE v1 保留/纳入需方法审查
等到	1	0	0	1	2	0	reference	自动生成；SCOPE v1 保留/纳入需方法审查
等等	1	1	1	1	4	1	reference	自动生成；SCOPE v1 保留/纳入需方法审查
策略地	0	0	0	1	1	0	reference	自动生成；SCOPE v1 保留/纳入需方法审查
简直	0	0	0	1	1	0	reference	自动生成；SCOPE v1 保留/纳入需方法审查
简而言之	0	0	0	1	1	0	reference	自动生成；SCOPE v1 保留/纳入需方法审查
简言之	1	0	0	1	2	0	reference	自动生成；SCOPE v1 保留/纳入需方法审查
管	1	1	1	0	3	0	reference	自动生成；SCOPE v1 保留/纳入需方法审查
类如	1	0	0	0	1	0	reference	自动生成；SCOPE v1 保留/纳入需方法审查
精光	0	0	0	1	1	0	reference	自动生成；SCOPE v1 保留/纳入需方法审查
紧接着	1	1	1	1	4	0	reference	自动生成；SCOPE v1 保留/纳入需方法审查
累年	0	0	0	1	1	0	reference	自动生成；SCOPE v1 保留/纳入需方法审查
累次	0	0	0	1	1	0	reference	自动生成；SCOPE v1 保留/纳入需方法审查
纯粹	0	0	0	1	1	0	reference	自动生成；SCOPE v1 保留/纳入需方法审查
纵	1	1	1	0	3	0	reference	自动生成；SCOPE v1 保留/纳入需方法审查
纵令	1	1	1	1	4	0	reference	自动生成；SCOPE v1 保留/纳入需方法审查
纵使	1	1	1	1	4	0	reference	自动生成；SCOPE v1 保留/纳入需方法审查
纵然	1	1	1	1	4	0	reference	自动生成；SCOPE v1 保留/纳入需方法审查
练习	0	0	1	0	1	0	reference	自动生成；SCOPE v1 保留/纳入需方法审查
组成	0	0	1	0	1	0	reference	自动生成；SCOPE v1 保留/纳入需方法审查
经	1	1	1	0	3	0	reference	自动生成；SCOPE v1 保留/纳入需方法审查
经常	0	0	1	1	2	0	reference	自动生成；SCOPE v1 保留/纳入需方法审查
经过	1	1	1	1	4	0	reference	自动生成；SCOPE v1 保留/纳入需方法审查
结合	0	0	1	0	1	0	reference	自动生成；SCOPE v1 保留/纳入需方法审查
结果	1	1	1	1	4	0	reference	自动生成；SCOPE v1 保留/纳入需方法审查
给	1	1	1	0	3	0	reference	自动生成；SCOPE v1 保留/纳入需方法审查
绝不	0	0	0	1	1	0	reference	自动生成；SCOPE v1 保留/纳入需方法审查
绝对	0	0	1	1	2	0	reference	自动生成；SCOPE v1 保留/纳入需方法审查
绝非	0	0	0	1	1	0	reference	自动生成；SCOPE v1 保留/纳入需方法审查
绝顶	0	0	0	1	1	0	reference	自动生成；SCOPE v1 保留/纳入需方法审查
继之	1	0	0	1	2	0	reference	自动生成；SCOPE v1 保留/纳入需方法审查
继后	1	0	0	0	1	0	reference	自动生成；SCOPE v1 保留/纳入需方法审查
继续	0	0	1	0	1	0	reference	自动生成；SCOPE v1 保留/纳入需方法审查
继而	1	1	1	1	4	0	reference	自动生成；SCOPE v1 保留/纳入需方法审查
维持	0	0	1	0	1	0	reference	自动生成；SCOPE v1 保留/纳入需方法审查
综上所述	1	1	1	1	4	0	reference	自动生成；SCOPE v1 保留/纳入需方法审查
缕缕	0	0	0	1	1	0	reference	自动生成；SCOPE v1 保留/纳入需方法审查
罢了	1	1	1	1	4	0	reference	自动生成；SCOPE v1 保留/纳入需方法审查
老是	0	0	0	1	1	0	reference	自动生成；SCOPE v1 保留/纳入需方法审查
老老实实	0	0	0	1	1	0	reference	自动生成；SCOPE v1 保留/纳入需方法审查
考虑	0	0	1	0	1	0	reference	自动生成；SCOPE v1 保留/纳入需方法审查
者	1	1	1	0	3	0	reference	自动生成；SCOPE v1 保留/纳入需方法审查
而	1	1	1	0	3	1	reference	自动生成；SCOPE v1 保留/纳入需方法审查
而且	1	1	1	1	4	0	reference	自动生成；SCOPE v1 保留/纳入需方法审查
而况	1	1	1	1	4	0	reference	自动生成；SCOPE v1 保留/纳入需方法审查
而又	0	0	0	1	1	0	reference	自动生成；SCOPE v1 保留/纳入需方法审查
而后	1	0	0	1	2	0	reference	自动生成；SCOPE v1 保留/纳入需方法审查
而外	1	1	1	1	4	0	reference	自动生成；SCOPE v1 保留/纳入需方法审查
而已	1	1	1	1	4	0	reference	自动生成；SCOPE v1 保留/纳入需方法审查
而是	1	1	1	1	4	0	reference	自动生成；SCOPE v1 保留/纳入需方法审查
而言	1	1	1	1	4	0	reference	自动生成；SCOPE v1 保留/纳入需方法审查
而论	0	0	0	1	1	0	reference	自动生成；SCOPE v1 保留/纳入需方法审查
联系	0	0	1	0	1	0	reference	自动生成；SCOPE v1 保留/纳入需方法审查
联袂	0	0	0	1	1	0	reference	自动生成；SCOPE v1 保留/纳入需方法审查
背地里	0	0	0	1	1	0	reference	自动生成；SCOPE v1 保留/纳入需方法审查
背靠背	0	0	0	1	1	0	reference	自动生成；SCOPE v1 保留/纳入需方法审查
能	1	1	1	0	3	0	reference	自动生成；SCOPE v1 保留/纳入需方法审查
能否	1	0	1	0	2	0	reference	自动生成；SCOPE v1 保留/纳入需方法审查
能够	0	0	1	0	1	1	reference	自动生成；SCOPE v1 保留/纳入需方法审查
腾	1	1	1	0	3	0	reference	自动生成；SCOPE v1 保留/纳入需方法审查
自	1	1	1	0	3	0	reference	自动生成；SCOPE v1 保留/纳入需方法审查
自个儿	1	1	1	1	4	0	reference	自动生成；SCOPE v1 保留/纳入需方法审查
自从	1	1	1	1	4	0	reference	自动生成；SCOPE v1 保留/纳入需方法审查
自各儿	1	1	1	1	4	0	reference	自动生成；SCOPE v1 保留/纳入需方法审查
自后	1	0	0	0	1	0	reference	自动生成；SCOPE v1 保留/纳入需方法审查
自家	1	1	1	1	4	0	reference	自动生成；SCOPE v1 保留/纳入需方法审查
自己	1	1	1	1	4	1	reference	自动生成；SCOPE v1 保留/纳入需方法审查
自打	1	0	0	0	1	0	reference	自动生成；SCOPE v1 保留/纳入需方法审查
自身	1	1	1	1	4	0	reference	自动生成；SCOPE v1 保留/纳入需方法审查
至	1	1	1	0	3	0	reference	自动生成；SCOPE v1 保留/纳入需方法审查
至于	1	1	1	1	4	0	reference	自动生成；SCOPE v1 保留/纳入需方法审查
至今	1	0	0	0	1	0	reference	自动生成；SCOPE v1 保留/纳入需方法审查
至若	1	0	0	0	1	0	reference	自动生成；SCOPE v1 保留/纳入需方法审查
致	1	0	0	0	1	0	reference	自动生成；SCOPE v1 保留/纳入需方法审查
般的	1	0	0	0	1	0	reference	自动生成；SCOPE v1 保留/纳入需方法审查
良好	0	0	1	0	1	0	reference	自动生成；SCOPE v1 保留/纳入需方法审查
若	1	1	1	0	3	0	reference	自动生成；SCOPE v1 保留/纳入需方法审查
若夫	1	0	0	0	1	0	reference	自动生成；SCOPE v1 保留/纳入需方法审查
若是	1	1	1	1	4	0	reference	自动生成；SCOPE v1 保留/纳入需方法审查
若果	1	0	0	0	1	0	reference	自动生成；SCOPE v1 保留/纳入需方法审查
若非	1	1	1	1	4	0	reference	自动生成；SCOPE v1 保留/纳入需方法审查
范围	0	0	1	0	1	0	reference	自动生成；SCOPE v1 保留/纳入需方法审查
莫不	0	0	0	1	1	0	reference	自动生成；SCOPE v1 保留/纳入需方法审查
莫不然	1	0	0	0	1	0	reference	自动生成；SCOPE v1 保留/纳入需方法审查
莫如	1	0	0	1	2	0	reference	自动生成；SCOPE v1 保留/纳入需方法审查
莫若	1	1	1	1	4	0	reference	自动生成；SCOPE v1 保留/纳入需方法审查
莫非	0	0	0	1	1	0	reference	自动生成；SCOPE v1 保留/纳入需方法审查
获得	0	0	1	0	1	0	reference	自动生成；SCOPE v1 保留/纳入需方法审查
藉以	0	0	0	1	1	0	reference	自动生成；SCOPE v1 保留/纳入需方法审查
虽	1	1	1	0	3	0	reference	自动生成；SCOPE v1 保留/纳入需方法审查
虽则	1	1	1	1	4	0	reference	自动生成；SCOPE v1 保留/纳入需方法审查
虽然	1	1	1	1	4	0	reference	自动生成；SCOPE v1 保留/纳入需方法审查
虽说	1	1	1	1	4	0	reference	自动生成；SCOPE v1 保留/纳入需方法审查
行为	0	0	1	0	1	0	reference	自动生成；SCOPE v1 保留/纳入需方法审查
行动	0	0	1	0	1	0	reference	自动生成；SCOPE v1 保留/纳入需方法审查
表明	0	0	1	0	1	0	reference	自动生成；SCOPE v1 保留/纳入需方法审查
表示	0	0	1	0	1	1	reference	自动生成；SCOPE v1 保留/纳入需方法审查
被	1	1	1	0	3	1	reference	自动生成；SCOPE v1 保留/纳入需方法审查
要	1	1	1	0	3	0	reference	自动生成；SCOPE v1 保留/纳入需方法审查
要不	1	1	1	1	4	0	reference	自动生成；SCOPE v1 保留/纳入需方法审查
要不是	1	1	1	1	4	0	reference	自动生成；SCOPE v1 保留/纳入需方法审查
要不然	1	1	1	1	4	0	reference	自动生成；SCOPE v1 保留/纳入需方法审查
要么	1	1	1	1	4	0	reference	自动生成；SCOPE v1 保留/纳入需方法审查
要是	1	1	1	1	4	0	reference	自动生成；SCOPE v1 保留/纳入需方法审查
要求	0	0	1	0	1	0	reference	自动生成；SCOPE v1 保留/纳入需方法审查
规定	0	0	1	0	1	0	reference	自动生成；SCOPE v1 保留/纳入需方法审查
觉得	0	0	1	0	1	0	reference	自动生成；SCOPE v1 保留/纳入需方法审查
譬喻	1	0	0	0	1	0	reference	自动生成；SCOPE v1 保留/纳入需方法审查
譬如	1	0	0	1	2	0	reference	自动生成；SCOPE v1 保留/纳入需方法审查
认为	0	0	1	0	1	1	reference	自动生成；SCOPE v1 保留/纳入需方法审查
认真	0	0	1	0	1	0	reference	自动生成；SCOPE v1 保留/纳入需方法审查
认识	0	0	1	0	1	0	reference	自动生成；SCOPE v1 保留/纳入需方法审查
让	1	1	1	0	3	1	reference	自动生成；SCOPE v1 保留/纳入需方法审查
许多	1	1	1	0	3	0	reference	自动生成；SCOPE v1 保留/纳入需方法审查
论	1	1	1	0	3	0	reference	自动生成；SCOPE v1 保留/纳入需方法审查
论说	0	0	0	1	1	0	reference	自动生成；SCOPE v1 保留/纳入需方法审查
设使	1	1	1	1	4	0	reference	自动生成；SCOPE v1 保留/纳入需方法审查
设或	1	0	0	0	1	0	reference	自动生成；SCOPE v1 保留/纳入需方法审查
设若	1	1	1	1	4	0	reference	自动生成；SCOPE v1 保留/纳入需方法审查
诚如	1	0	0	0	1	0	reference	自动生成；SCOPE v1 保留/纳入需方法审查
诚然	1	0	0	1	2	0	reference	自动生成；SCOPE v1 保留/纳入需方法审查
话说	0	0	0	1	1	0	reference	自动生成；SCOPE v1 保留/纳入需方法审查
该	1	1	1	0	3	0	reference	自动生成；SCOPE v1 保留/纳入需方法审查
该当	0	0	0	1	1	0	reference	自动生成；SCOPE v1 保留/纳入需方法审查
说明	0	0	1	0	1	0	reference	自动生成；SCOPE v1 保留/纳入需方法审查
说来	1	0	0	0	1	0	reference	自动生成；SCOPE v1 保留/纳入需方法审查
说说	0	0	1	0	1	0	reference	自动生成；SCOPE v1 保留/纳入需方法审查
请勿	0	0	0	1	1	0	reference	自动生成；SCOPE v1 保留/纳入需方法审查
诸	1	0	0	0	1	0	reference	自动生成；SCOPE v1 保留/纳入需方法审查
诸位	1	1	1	1	4	0	reference	自动生成；SCOPE v1 保留/纳入需方法审查
诸如	1	0	0	0	1	0	reference	自动生成；SCOPE v1 保留/纳入需方法审查
谁	1	1	1	0	3	0	reference	自动生成；SCOPE v1 保留/纳入需方法审查
谁人	1	0	0	0	1	0	reference	自动生成；SCOPE v1 保留/纳入需方法审查
谁料	1	0	0	0	1	0	reference	自动生成；SCOPE v1 保留/纳入需方法审查
谁知	1	1	1	1	4	0	reference	自动生成；SCOPE v1 保留/纳入需方法审查
豁然	0	0	0	1	1	0	reference	自动生成；SCOPE v1 保留/纳入需方法审查
贼死	1	0	0	0	1	0	reference	自动生成；SCOPE v1 保留/纳入需方法审查
赖以	1	0	0	0	1	0	reference	自动生成；SCOPE v1 保留/纳入需方法审查
赶	1	1	1	0	3	0	reference	自动生成；SCOPE v1 保留/纳入需方法审查
赶快	0	0	0	1	1	0	reference	自动生成；SCOPE v1 保留/纳入需方法审查
赶早不赶晚	0	0	0	1	1	0	reference	自动生成；SCOPE v1 保留/纳入需方法审查
起	1	1	1	0	3	0	reference	自动生成；SCOPE v1 保留/纳入需方法审查
起先	0	0	0	1	1	0	reference	自动生成；SCOPE v1 保留/纳入需方法审查
起初	0	0	0	1	1	0	reference	自动生成；SCOPE v1 保留/纳入需方法审查
起头	0	0	0	1	1	0	reference	自动生成；SCOPE v1 保留/纳入需方法审查
起来	0	0	1	1	2	0	reference	自动生成；SCOPE v1 保留/纳入需方法审查
起见	1	1	1	1	4	0	reference	自动生成；SCOPE v1 保留/纳入需方法审查
起首	0	0	0	1	1	0	reference	自动生成；SCOPE v1 保留/纳入需方法审查
趁	1	1	1	0	3	0	reference	自动生成；SCOPE v1 保留/纳入需方法审查
趁便	0	0	0	1	1	0	reference	自动生成；SCOPE v1 保留/纳入需方法审查
趁势	0	0	0	1	1	0	reference	自动生成；SCOPE v1 保留/纳入需方法审查
趁早	0	0	0	1	1	0	reference	自动生成；SCOPE v1 保留/纳入需方法审查
趁机	0	0	0	1	1	0	reference	自动生成；SCOPE v1 保留/纳入需方法审查
趁热	0	0	0	1	1	0	reference	自动生成；SCOPE v1 保留/纳入需方法审查
趁着	1	1	1	1	4	0	reference	自动生成；SCOPE v1 保留/纳入需方法审查
越是	1	1	1	1	4	0	reference	自动生成；SCOPE v1 保留/纳入需方法审查
距	1	0	0	0	1	0	reference	自动生成；SCOPE v1 保留/纳入需方法审查
跟	1	1	1	0	3	0	reference	自动生成；SCOPE v1 保留/纳入需方法审查
路经	0	0	0	1	1	0	reference	自动生成；SCOPE v1 保留/纳入需方法审查
转动	0	0	1	0	1	0	reference	自动生成；SCOPE v1 保留/纳入需方法审查
转变	0	0	1	0	1	0	reference	自动生成；SCOPE v1 保留/纳入需方法审查
转贴	0	0	1	0	1	0	reference	自动生成；SCOPE v1 保留/纳入需方法审查
轰然	0	0	0	1	1	0	reference	自动生成；SCOPE v1 保留/纳入需方法审查
较	1	1	1	0	3	0	reference	自动生成；SCOPE v1 保留/纳入需方法审查
较为	0	0	0	1	1	0	reference	自动生成；SCOPE v1 保留/纳入需方法审查
较之	1	1	1	1	4	0	reference	自动生成；SCOPE v1 保留/纳入需方法审查
较比	0	0	0	1	1	0	reference	自动生成；SCOPE v1 保留/纳入需方法审查
边	1	1	1	0	3	0	reference	自动生成；SCOPE v1 保留/纳入需方法审查
达到	0	0	1	0	1	0	reference	自动生成；SCOPE v1 保留/纳入需方法审查
达旦	0	0	0	1	1	0	reference	自动生成；SCOPE v1 保留/纳入需方法审查
迅速	0	0	1	0	1	0	reference	自动生成；SCOPE v1 保留/纳入需方法审查
过	1	1	1	0	3	1	reference	自动生成；SCOPE v1 保留/纳入需方法审查
过于	0	0	0	1	1	0	reference	自动生成；SCOPE v1 保留/纳入需方法审查
过去	0	0	1	0	1	0	reference	自动生成；SCOPE v1 保留/纳入需方法审查
过来	0	0	1	0	1	0	reference	自动生成；SCOPE v1 保留/纳入需方法审查
运用	0	0	1	0	1	0	reference	自动生成；SCOPE v1 保留/纳入需方法审查
近几年来	0	0	0	1	1	0	reference	自动生成；SCOPE v1 保留/纳入需方法审查
近年来	0	0	0	1	1	0	reference	自动生成；SCOPE v1 保留/纳入需方法审查
近来	0	0	0	1	1	0	reference	自动生成；SCOPE v1 保留/纳入需方法审查
还	1	0	0	0	1	1	reference	自动生成；SCOPE v1 保留/纳入需方法审查
还是	1	1	1	1	4	0	reference	自动生成；SCOPE v1 保留/纳入需方法审查
还有	1	1	1	1	4	0	reference	自动生成；SCOPE v1 保留/纳入需方法审查
还要	1	0	0	0	1	0	reference	自动生成；SCOPE v1 保留/纳入需方法审查
这	1	1	1	0	3	0	reference	自动生成；SCOPE v1 保留/纳入需方法审查
这一来	1	0	0	0	1	0	reference	自动生成；SCOPE v1 保留/纳入需方法审查
这个	1	1	1	1	4	1	reference	自动生成；SCOPE v1 保留/纳入需方法审查
这么	1	1	1	1	4	0	reference	自动生成；SCOPE v1 保留/纳入需方法审查
这么些	1	1	1	1	4	0	reference	自动生成；SCOPE v1 保留/纳入需方法审查
这么样	1	1	1	1	4	0	reference	自动生成；SCOPE v1 保留/纳入需方法审查
这么点儿	1	1	1	1	4	0	reference	自动生成；SCOPE v1 保留/纳入需方法审查
这些	1	1	1	1	4	1	reference	自动生成；SCOPE v1 保留/纳入需方法审查
这会儿	1	1	1	1	4	0	reference	自动生成；SCOPE v1 保留/纳入需方法审查
这儿	1	1	1	1	4	0	reference	自动生成；SCOPE v1 保留/纳入需方法审查
这就是说	1	1	1	1	4	0	reference	自动生成；SCOPE v1 保留/纳入需方法审查
这时	1	1	1	1	4	0	reference	自动生成；SCOPE v1 保留/纳入需方法审查
这样	1	1	1	1	4	0	reference	自动生成；SCOPE v1 保留/纳入需方法审查
这次	1	0	0	0	1	0	reference	自动生成；SCOPE v1 保留/纳入需方法审查
这点	0	0	1	0	1	0	reference	自动生成；SCOPE v1 保留/纳入需方法审查
这种	0	0	1	0	1	0	reference	自动生成；SCOPE v1 保留/纳入需方法审查
这般	1	0	0	0	1	0	reference	自动生成；SCOPE v1 保留/纳入需方法审查
这边	1	1	1	1	4	0	reference	自动生成；SCOPE v1 保留/纳入需方法审查
这里	1	1	1	1	4	1	reference	自动生成；SCOPE v1 保留/纳入需方法审查
这麽	0	0	1	0	1	0	reference	自动生成；SCOPE v1 保留/纳入需方法审查
进入	0	0	1	0	1	0	reference	自动生成；SCOPE v1 保留/纳入需方法审查
进去	0	0	0	1	1	0	reference	自动生成；SCOPE v1 保留/纳入需方法审查
进来	0	0	0	1	1	0	reference	自动生成；SCOPE v1 保留/纳入需方法审查
进步	0	0	1	0	1	0	reference	自动生成；SCOPE v1 保留/纳入需方法审查
进而	1	1	1	1	4	0	reference	自动生成；SCOPE v1 保留/纳入需方法审查
进行	0	0	1	0	1	1	reference	自动生成；SCOPE v1 保留/纳入需方法审查
连	1	1	1	0	3	0	reference	自动生成；SCOPE v1 保留/纳入需方法审查
连同	1	1	1	1	4	0	reference	自动生成；SCOPE v1 保留/纳入需方法审查
连声	0	0	0	1	1	0	reference	自动生成；SCOPE v1 保留/纳入需方法审查
连日	0	0	0	1	1	0	reference	自动生成；SCOPE v1 保留/纳入需方法审查
连日来	0	0	0	1	1	0	reference	自动生成；SCOPE v1 保留/纳入需方法审查
连袂	0	0	0	1	1	0	reference	自动生成；SCOPE v1 保留/纳入需方法审查
连连	0	0	0	1	1	0	reference	自动生成；SCOPE v1 保留/纳入需方法审查
迟早	0	0	0	1	1	0	reference	自动生成；SCOPE v1 保留/纳入需方法审查
迫于	0	0	0	1	1	0	reference	自动生成；SCOPE v1 保留/纳入需方法审查
适应	0	0	1	0	1	0	reference	自动生成；SCOPE v1 保留/纳入需方法审查
适当	0	0	1	0	1	0	reference	自动生成；SCOPE v1 保留/纳入需方法审查
适用	0	0	1	0	1	0	reference	自动生成；SCOPE v1 保留/纳入需方法审查
逐步	1	0	1	0	2	0	reference	自动生成；SCOPE v1 保留/纳入需方法审查
逐渐	0	0	1	0	1	0	reference	自动生成；SCOPE v1 保留/纳入需方法审查
通常	0	0	1	0	1	0	reference	自动生成；SCOPE v1 保留/纳入需方法审查
通过	1	1	1	0	3	1	reference	自动生成；SCOPE v1 保留/纳入需方法审查
造成	0	0	1	0	1	0	reference	自动生成；SCOPE v1 保留/纳入需方法审查
遇到	0	0	1	0	1	0	reference	自动生成；SCOPE v1 保留/纳入需方法审查
遭到	0	0	1	0	1	0	reference	自动生成；SCOPE v1 保留/纳入需方法审查
遵循	1	0	0	0	1	0	reference	自动生成；SCOPE v1 保留/纳入需方法审查
遵照	1	1	0	1	3	0	reference	自动生成；SCOPE v1 保留/纳入需方法审查
避免	0	0	1	0	1	0	reference	自动生成；SCOPE v1 保留/纳入需方法审查
那	1	1	1	0	3	0	reference	自动生成；SCOPE v1 保留/纳入需方法审查
那个	1	1	1	1	4	1	reference	自动生成；SCOPE v1 保留/纳入需方法审查
那么	1	1	1	1	4	0	reference	自动生成；SCOPE v1 保留/纳入需方法审查
那么些	1	1	1	1	4	0	reference	自动生成；SCOPE v1 保留/纳入需方法审查
那么样	1	1	1	1	4	0	reference	自动生成；SCOPE v1 保留/纳入需方法审查
那些	1	1	1	1	4	1	reference	自动生成；SCOPE v1 保留/纳入需方法审查
那会儿	1	1	1	1	4	0	reference	自动生成；SCOPE v1 保留/纳入需方法审查
那儿	1	1	1	1	4	0	reference	自动生成；SCOPE v1 保留/纳入需方法审查
那时	1	1	1	1	4	0	reference	自动生成；SCOPE v1 保留/纳入需方法审查
那末	0	0	0	1	1	0	reference	自动生成；SCOPE v1 保留/纳入需方法审查
那样	1	1	1	1	4	0	reference	自动生成；SCOPE v1 保留/纳入需方法审查
那般	1	0	0	0	1	0	reference	自动生成；SCOPE v1 保留/纳入需方法审查
那边	1	1	1	1	4	0	reference	自动生成；SCOPE v1 保留/纳入需方法审查
那里	1	1	1	1	4	1	reference	自动生成；SCOPE v1 保留/纳入需方法审查
那麽	0	0	1	0	1	0	reference	自动生成；SCOPE v1 保留/纳入需方法审查
部分	0	0	1	0	1	0	reference	自动生成；SCOPE v1 保留/纳入需方法审查
都	1	0	0	0	1	1	reference	自动生成；SCOPE v1 保留/纳入需方法审查
鄙人	1	1	1	1	4	0	reference	自动生成；SCOPE v1 保留/纳入需方法审查
采取	0	0	1	0	1	0	reference	自动生成；SCOPE v1 保留/纳入需方法审查
里面	0	0	1	0	1	0	reference	自动生成；SCOPE v1 保留/纳入需方法审查
重大	0	0	1	0	1	0	reference	自动生成；SCOPE v1 保留/纳入需方法审查
重新	0	0	1	0	1	0	reference	自动生成；SCOPE v1 保留/纳入需方法审查
重要	0	0	1	0	1	0	reference	自动生成；SCOPE v1 保留/纳入需方法审查
鉴于	1	1	1	1	4	0	reference	自动生成；SCOPE v1 保留/纳入需方法审查
针对	1	0	0	0	1	0	reference	自动生成；SCOPE v1 保留/纳入需方法审查
长期以来	0	0	0	1	1	0	reference	自动生成；SCOPE v1 保留/纳入需方法审查
长此下去	0	0	0	1	1	0	reference	自动生成；SCOPE v1 保留/纳入需方法审查
长话短说	0	0	0	1	1	0	reference	自动生成；SCOPE v1 保留/纳入需方法审查
问题	0	0	1	0	1	0	reference	自动生成；SCOPE v1 保留/纳入需方法审查
间或	0	0	0	1	1	0	reference	自动生成；SCOPE v1 保留/纳入需方法审查
防止	0	0	1	0	1	0	reference	自动生成；SCOPE v1 保留/纳入需方法审查
阿	1	1	1	0	3	0	reference	自动生成；SCOPE v1 保留/纳入需方法审查
附近	0	0	1	0	1	0	reference	自动生成；SCOPE v1 保留/纳入需方法审查
限制	0	0	1	0	1	0	reference	自动生成；SCOPE v1 保留/纳入需方法审查
陡然	0	0	0	1	1	0	reference	自动生成；SCOPE v1 保留/纳入需方法审查
除	1	1	1	0	3	0	reference	自动生成；SCOPE v1 保留/纳入需方法审查
除了	1	1	1	1	4	0	reference	自动生成；SCOPE v1 保留/纳入需方法审查
除却	0	0	0	1	1	0	reference	自动生成；SCOPE v1 保留/纳入需方法审查
除去	0	0	0	1	1	0	reference	自动生成；SCOPE v1 保留/纳入需方法审查
除外	1	0	0	1	2	0	reference	自动生成；SCOPE v1 保留/纳入需方法审查
除开	1	0	0	1	2	0	reference	自动生成；SCOPE v1 保留/纳入需方法审查
除此	0	0	0	1	1	0	reference	自动生成；SCOPE v1 保留/纳入需方法审查
除此之外	1	1	1	1	4	0	reference	自动生成；SCOPE v1 保留/纳入需方法审查
除此以外	0	0	0	1	1	0	reference	自动生成；SCOPE v1 保留/纳入需方法审查
除此而外	0	0	0	1	1	0	reference	自动生成；SCOPE v1 保留/纳入需方法审查
除非	1	1	1	1	4	0	reference	自动生成；SCOPE v1 保留/纳入需方法审查
随	1	1	1	0	3	0	reference	自动生成；SCOPE v1 保留/纳入需方法审查
随后	1	0	0	0	1	0	reference	自动生成；SCOPE v1 保留/纳入需方法审查
随时	1	0	0	0	1	0	reference	自动生成；SCOPE v1 保留/纳入需方法审查
随着	1	1	1	1	4	0	reference	自动生成；SCOPE v1 保留/纳入需方法审查
随著	0	0	1	0	1	0	reference	自动生成；SCOPE v1 保留/纳入需方法审查
隔夜	0	0	0	1	1	0	reference	自动生成；SCOPE v1 保留/纳入需方法审查
隔日	0	0	0	1	1	0	reference	自动生成；SCOPE v1 保留/纳入需方法审查
难得	0	0	0	1	1	0	reference	自动生成；SCOPE v1 保留/纳入需方法审查
难怪	0	0	0	1	1	0	reference	自动生成；SCOPE v1 保留/纳入需方法审查
难说	0	0	0	1	1	0	reference	自动生成；SCOPE v1 保留/纳入需方法审查
难道	0	0	0	1	1	0	reference	自动生成；SCOPE v1 保留/纳入需方法审查
难道说	1	0	0	0	1	0	reference	自动生成；SCOPE v1 保留/纳入需方法审查
集中	0	0	1	0	1	0	reference	自动生成；SCOPE v1 保留/纳入需方法审查
需要	0	0	1	0	1	0	reference	自动生成；SCOPE v1 保留/纳入需方法审查
非但	1	1	1	1	4	0	reference	自动生成；SCOPE v1 保留/纳入需方法审查
非常	0	0	1	1	2	0	reference	自动生成；SCOPE v1 保留/纳入需方法审查
非徒	1	1	1	1	4	0	reference	自动生成；SCOPE v1 保留/纳入需方法审查
非得	0	0	0	1	1	0	reference	自动生成；SCOPE v1 保留/纳入需方法审查
非特	1	0	0	0	1	0	reference	自动生成；SCOPE v1 保留/纳入需方法审查
非独	1	0	0	0	1	0	reference	自动生成；SCOPE v1 保留/纳入需方法审查
靠	1	1	1	0	3	0	reference	自动生成；SCOPE v1 保留/纳入需方法审查
顶多	0	0	0	1	1	0	reference	自动生成；SCOPE v1 保留/纳入需方法审查
顷刻	0	0	0	1	1	0	reference	自动生成；SCOPE v1 保留/纳入需方法审查
顷刻之间	0	0	0	1	1	0	reference	自动生成；SCOPE v1 保留/纳入需方法审查
顷刻间	0	0	0	1	1	0	reference	自动生成；SCOPE v1 保留/纳入需方法审查
顺	1	1	1	0	3	0	reference	自动生成；SCOPE v1 保留/纳入需方法审查
顺着	1	1	1	1	4	0	reference	自动生成；SCOPE v1 保留/纳入需方法审查
顿时	0	0	0	1	1	0	reference	自动生成；SCOPE v1 保留/纳入需方法审查
风雨无阻	0	0	0	1	1	0	reference	自动生成；SCOPE v1 保留/纳入需方法审查
首先	1	1	1	1	4	0	reference	自动生成；SCOPE v1 保留/纳入需方法审查
马上	0	0	0	1	1	0	reference	自动生成；SCOPE v1 保留/纳入需方法审查
高低	0	0	0	1	1	0	reference	自动生成；SCOPE v1 保留/纳入需方法审查
高兴	0	0	1	0	1	0	reference	自动生成；SCOPE v1 保留/纳入需方法审查
默然	0	0	0	1	1	0	reference	自动生成；SCOPE v1 保留/纳入需方法审查
默默地	0	0	0	1	1	0	reference	自动生成；SCOPE v1 保留/纳入需方法审查
！	1	1	0	0	2	0	reference	自动生成；SCOPE v1 保留/纳入需方法审查
＃	0	1	0	0	1	0	reference	自动生成；SCOPE v1 保留/纳入需方法审查
％	0	1	0	0	1	0	reference	自动生成；SCOPE v1 保留/纳入需方法审查
＆	0	1	0	0	1	0	reference	自动生成；SCOPE v1 保留/纳入需方法审查
＇	0	1	0	0	1	0	reference	自动生成；SCOPE v1 保留/纳入需方法审查
（	0	1	0	0	1	0	reference	自动生成；SCOPE v1 保留/纳入需方法审查
）	0	1	0	0	1	0	reference	自动生成；SCOPE v1 保留/纳入需方法审查
）÷（１－	0	1	0	0	1	0	reference	自动生成；SCOPE v1 保留/纳入需方法审查
）、	0	1	0	0	1	0	reference	自动生成；SCOPE v1 保留/纳入需方法审查
＊	0	1	0	0	1	0	reference	自动生成；SCOPE v1 保留/纳入需方法审查
＋	0	1	0	0	1	0	reference	自动生成；SCOPE v1 保留/纳入需方法审查
＋ξ	0	1	0	0	1	0	reference	自动生成；SCOPE v1 保留/纳入需方法审查
＋＋	0	1	0	0	1	0	reference	自动生成；SCOPE v1 保留/纳入需方法审查
，	1	1	0	0	2	0	reference	自动生成；SCOPE v1 保留/纳入需方法审查
，也	0	1	0	0	1	0	reference	自动生成；SCOPE v1 保留/纳入需方法审查
－	0	1	0	0	1	0	reference	自动生成；SCOPE v1 保留/纳入需方法审查
－β	0	1	0	0	1	0	reference	自动生成；SCOPE v1 保留/纳入需方法审查
－－	0	1	1	0	2	0	reference	自动生成；SCOPE v1 保留/纳入需方法审查
－［＊］－	0	1	0	0	1	0	reference	自动生成；SCOPE v1 保留/纳入需方法审查
．	0	1	0	0	1	0	reference	自动生成；SCOPE v1 保留/纳入需方法审查
／	0	1	0	0	1	0	reference	自动生成；SCOPE v1 保留/纳入需方法审查
０：２	0	1	0	0	1	0	reference	自动生成；SCOPE v1 保留/纳入需方法审查
１．	0	1	0	0	1	0	reference	自动生成；SCOPE v1 保留/纳入需方法审查
１２％	0	1	0	0	1	0	reference	自动生成；SCOPE v1 保留/纳入需方法审查
２．３％	0	1	0	0	1	0	reference	自动生成；SCOPE v1 保留/纳入需方法审查
５：０	0	1	0	0	1	0	reference	自动生成；SCOPE v1 保留/纳入需方法审查
：	1	1	0	0	2	0	reference	自动生成；SCOPE v1 保留/纳入需方法审查
；	1	1	0	0	2	0	reference	自动生成；SCOPE v1 保留/纳入需方法审查
＜	0	1	0	0	1	0	reference	自动生成；SCOPE v1 保留/纳入需方法审查
＜±	0	1	0	0	1	0	reference	自动生成；SCOPE v1 保留/纳入需方法审查
＜Δ	0	1	0	0	1	0	reference	自动生成；SCOPE v1 保留/纳入需方法审查
＜λ	0	1	0	0	1	0	reference	自动生成；SCOPE v1 保留/纳入需方法审查
＜φ	0	1	0	0	1	0	reference	自动生成；SCOPE v1 保留/纳入需方法审查
＜＜	0	1	0	0	1	0	reference	自动生成；SCOPE v1 保留/纳入需方法审查
＝	0	1	0	0	1	0	reference	自动生成；SCOPE v1 保留/纳入需方法审查
＝″	0	1	0	0	1	0	reference	自动生成；SCOPE v1 保留/纳入需方法审查
＝☆	0	1	0	0	1	0	reference	自动生成；SCOPE v1 保留/纳入需方法审查
＝（	0	1	0	0	1	0	reference	自动生成；SCOPE v1 保留/纳入需方法审查
＝－	0	1	0	0	1	0	reference	自动生成；SCOPE v1 保留/纳入需方法审查
＝［	0	1	0	0	1	0	reference	自动生成；SCOPE v1 保留/纳入需方法审查
＝｛	0	1	0	0	1	0	reference	自动生成；SCOPE v1 保留/纳入需方法审查
＞	0	1	0	0	1	0	reference	自动生成；SCOPE v1 保留/纳入需方法审查
＞λ	0	1	0	0	1	0	reference	自动生成；SCOPE v1 保留/纳入需方法审查
？	1	1	0	0	2	0	reference	自动生成；SCOPE v1 保留/纳入需方法审查
Ａ	0	1	0	0	1	0	reference	自动生成；SCOPE v1 保留/纳入需方法审查
ＬＩ	0	1	0	0	1	0	reference	自动生成；SCOPE v1 保留/纳入需方法审查
Ｒ．Ｌ．	0	1	0	0	1	0	reference	自动生成；SCOPE v1 保留/纳入需方法审查
ＺＸＦＩＴＬ	0	1	0	0	1	0	reference	自动生成；SCOPE v1 保留/纳入需方法审查
［	0	1	0	0	1	0	reference	自动生成；SCOPE v1 保留/纳入需方法审查
［①①］	0	1	0	0	1	0	reference	自动生成；SCOPE v1 保留/纳入需方法审查
［①②］	0	1	0	0	1	0	reference	自动生成；SCOPE v1 保留/纳入需方法审查
［①③］	0	1	0	0	1	0	reference	自动生成；SCOPE v1 保留/纳入需方法审查
［①④］	0	1	0	0	1	0	reference	自动生成；SCOPE v1 保留/纳入需方法审查
［①⑤］	0	1	0	0	1	0	reference	自动生成；SCOPE v1 保留/纳入需方法审查
［①⑥］	0	1	0	0	1	0	reference	自动生成；SCOPE v1 保留/纳入需方法审查
［①⑦］	0	1	0	0	1	0	reference	自动生成；SCOPE v1 保留/纳入需方法审查
［①⑧］	0	1	0	0	1	0	reference	自动生成；SCOPE v1 保留/纳入需方法审查
［①⑨］	0	1	0	0	1	0	reference	自动生成；SCOPE v1 保留/纳入需方法审查
［①Ａ］	0	1	0	0	1	0	reference	自动生成；SCOPE v1 保留/纳入需方法审查
［①Ｂ］	0	1	0	0	1	0	reference	自动生成；SCOPE v1 保留/纳入需方法审查
［①Ｃ］	0	1	0	0	1	0	reference	自动生成；SCOPE v1 保留/纳入需方法审查
［①Ｄ］	0	1	0	0	1	0	reference	自动生成；SCOPE v1 保留/纳入需方法审查
［①Ｅ］	0	1	0	0	1	0	reference	自动生成；SCOPE v1 保留/纳入需方法审查
［①］	0	1	0	0	1	0	reference	自动生成；SCOPE v1 保留/纳入需方法审查
［①ａ］	0	1	0	0	1	0	reference	自动生成；SCOPE v1 保留/纳入需方法审查
［①ｃ］	0	1	0	0	1	0	reference	自动生成；SCOPE v1 保留/纳入需方法审查
［①ｄ］	0	1	0	0	1	0	reference	自动生成；SCOPE v1 保留/纳入需方法审查
［①ｅ］	0	1	0	0	1	0	reference	自动生成；SCOPE v1 保留/纳入需方法审查
［①ｆ］	0	1	0	0	1	0	reference	自动生成；SCOPE v1 保留/纳入需方法审查
［①ｇ］	0	1	0	0	1	0	reference	自动生成；SCOPE v1 保留/纳入需方法审查
［①ｈ］	0	1	0	0	1	0	reference	自动生成；SCOPE v1 保留/纳入需方法审查
［①ｉ］	0	1	0	0	1	0	reference	自动生成；SCOPE v1 保留/纳入需方法审查
［①ｏ］	0	1	0	0	1	0	reference	自动生成；SCOPE v1 保留/纳入需方法审查
［②	0	1	0	0	1	0	reference	自动生成；SCOPE v1 保留/纳入需方法审查
［②①］	0	1	0	0	1	0	reference	自动生成；SCOPE v1 保留/纳入需方法审查
［②②］	0	1	0	0	1	0	reference	自动生成；SCOPE v1 保留/纳入需方法审查
［②③］	0	1	0	0	1	0	reference	自动生成；SCOPE v1 保留/纳入需方法审查
［②④	0	1	0	0	1	0	reference	自动生成；SCOPE v1 保留/纳入需方法审查
［②⑤］	0	1	0	0	1	0	reference	自动生成；SCOPE v1 保留/纳入需方法审查
［②⑥］	0	1	0	0	1	0	reference	自动生成；SCOPE v1 保留/纳入需方法审查
［②⑦］	0	1	0	0	1	0	reference	自动生成；SCOPE v1 保留/纳入需方法审查
［②⑧］	0	1	0	0	1	0	reference	自动生成；SCOPE v1 保留/纳入需方法审查
［②⑩］	0	1	0	0	1	0	reference	自动生成；SCOPE v1 保留/纳入需方法审查
［②Ｂ］	0	1	0	0	1	0	reference	自动生成；SCOPE v1 保留/纳入需方法审查
［②Ｇ］	0	1	0	0	1	0	reference	自动生成；SCOPE v1 保留/纳入需方法审查
［②］	0	1	0	0	1	0	reference	自动生成；SCOPE v1 保留/纳入需方法审查
［②ａ］	0	1	0	0	1	0	reference	自动生成；SCOPE v1 保留/纳入需方法审查
［②ｂ］	0	1	0	0	1	0	reference	自动生成；SCOPE v1 保留/纳入需方法审查
［②ｃ］	0	1	0	0	1	0	reference	自动生成；SCOPE v1 保留/纳入需方法审查
［②ｄ］	0	1	0	0	1	0	reference	自动生成；SCOPE v1 保留/纳入需方法审查
［②ｅ］	0	1	0	0	1	0	reference	自动生成；SCOPE v1 保留/纳入需方法审查
［②ｆ］	0	1	0	0	1	0	reference	自动生成；SCOPE v1 保留/纳入需方法审查
［②ｇ］	0	1	0	0	1	0	reference	自动生成；SCOPE v1 保留/纳入需方法审查
［②ｈ］	0	1	0	0	1	0	reference	自动生成；SCOPE v1 保留/纳入需方法审查
［②ｉ］	0	1	0	0	1	0	reference	自动生成；SCOPE v1 保留/纳入需方法审查
［②ｊ］	0	1	0	0	1	0	reference	自动生成；SCOPE v1 保留/纳入需方法审查
［③①］	0	1	0	0	1	0	reference	自动生成；SCOPE v1 保留/纳入需方法审查
［③⑩］	0	1	0	0	1	0	reference	自动生成；SCOPE v1 保留/纳入需方法审查
［③Ｆ］	0	1	0	0	1	0	reference	自动生成；SCOPE v1 保留/纳入需方法审查
［③］	0	1	0	0	1	0	reference	自动生成；SCOPE v1 保留/纳入需方法审查
［③ａ］	0	1	0	0	1	0	reference	自动生成；SCOPE v1 保留/纳入需方法审查
［③ｂ］	0	1	0	0	1	0	reference	自动生成；SCOPE v1 保留/纳入需方法审查
［③ｃ］	0	1	0	0	1	0	reference	自动生成；SCOPE v1 保留/纳入需方法审查
［③ｄ］	0	1	0	0	1	0	reference	自动生成；SCOPE v1 保留/纳入需方法审查
［③ｅ］	0	1	0	0	1	0	reference	自动生成；SCOPE v1 保留/纳入需方法审查
［③ｇ］	0	1	0	0	1	0	reference	自动生成；SCOPE v1 保留/纳入需方法审查
［③ｈ］	0	1	0	0	1	0	reference	自动生成；SCOPE v1 保留/纳入需方法审查
［④］	0	1	0	0	1	0	reference	自动生成；SCOPE v1 保留/纳入需方法审查
［④ａ］	0	1	0	0	1	0	reference	自动生成；SCOPE v1 保留/纳入需方法审查
［④ｂ］	0	1	0	0	1	0	reference	自动生成；SCOPE v1 保留/纳入需方法审查
［④ｃ］	0	1	0	0	1	0	reference	自动生成；SCOPE v1 保留/纳入需方法审查
［④ｄ］	0	1	0	0	1	0	reference	自动生成；SCOPE v1 保留/纳入需方法审查
［④ｅ］	0	1	0	0	1	0	reference	自动生成；SCOPE v1 保留/纳入需方法审查
［⑤］	0	1	0	0	1	0	reference	自动生成；SCOPE v1 保留/纳入需方法审查
［⑤］］	0	1	0	0	1	0	reference	自动生成；SCOPE v1 保留/纳入需方法审查
［⑤ａ］	0	1	0	0	1	0	reference	自动生成；SCOPE v1 保留/纳入需方法审查
［⑤ｂ］	0	1	0	0	1	0	reference	自动生成；SCOPE v1 保留/纳入需方法审查
［⑤ｄ］	0	1	0	0	1	0	reference	自动生成；SCOPE v1 保留/纳入需方法审查
［⑤ｅ］	0	1	0	0	1	0	reference	自动生成；SCOPE v1 保留/纳入需方法审查
［⑤ｆ］	0	1	0	0	1	0	reference	自动生成；SCOPE v1 保留/纳入需方法审查
［⑥］	0	1	0	0	1	0	reference	自动生成；SCOPE v1 保留/纳入需方法审查
［⑦］	0	1	0	0	1	0	reference	自动生成；SCOPE v1 保留/纳入需方法审查
［⑧］	0	1	0	0	1	0	reference	自动生成；SCOPE v1 保留/纳入需方法审查
［⑨］	0	1	0	0	1	0	reference	自动生成；SCOPE v1 保留/纳入需方法审查
［⑩］	0	1	0	0	1	0	reference	自动生成；SCOPE v1 保留/纳入需方法审查
［＊］	0	1	0	0	1	0	reference	自动生成；SCOPE v1 保留/纳入需方法审查
［－	0	1	0	0	1	0	reference	自动生成；SCOPE v1 保留/纳入需方法审查
［］	0	1	0	0	1	0	reference	自动生成；SCOPE v1 保留/纳入需方法审查
］	0	1	0	0	1	0	reference	自动生成；SCOPE v1 保留/纳入需方法审查
］∧′＝［	0	1	0	0	1	0	reference	自动生成；SCOPE v1 保留/纳入需方法审查
］［	0	1	0	0	1	0	reference	自动生成；SCOPE v1 保留/纳入需方法审查
＿	0	1	0	0	1	0	reference	自动生成；SCOPE v1 保留/纳入需方法审查
ａ］	0	1	0	0	1	0	reference	自动生成；SCOPE v1 保留/纳入需方法审查
ｂ］	0	1	0	0	1	0	reference	自动生成；SCOPE v1 保留/纳入需方法审查
ｃ］	0	1	0	0	1	0	reference	自动生成；SCOPE v1 保留/纳入需方法审查
ｅ］	0	1	0	0	1	0	reference	自动生成；SCOPE v1 保留/纳入需方法审查
ｆ］	0	1	0	0	1	0	reference	自动生成；SCOPE v1 保留/纳入需方法审查
ｎｇ昉	0	1	0	0	1	0	reference	自动生成；SCOPE v1 保留/纳入需方法审查
｛－	0	1	0	0	1	0	reference	自动生成；SCOPE v1 保留/纳入需方法审查
｝	0	1	0	0	1	0	reference	自动生成；SCOPE v1 保留/纳入需方法审查
｝＞	0	1	0	0	1	0	reference	自动生成；SCOPE v1 保留/纳入需方法审查
～	0	1	0	0	1	0	reference	自动生成；SCOPE v1 保留/纳入需方法审查
～±	0	1	0	0	1	0	reference	自动生成；SCOPE v1 保留/纳入需方法审查
～＋	0	1	0	0	1	0	reference	自动生成；SCOPE v1 保留/纳入需方法审查
